{"stats":{"minecraft:mined":{"minecraft:crafting_table":4,"minecraft:torch":2,"minecraft:granite":24,"minecraft:short_grass":2,"minecraft:grass_block":2,"minecraft:chest":1,"minecraft:cobblestone":5,"minecraft:lapis_ore":1,"minecraft:diorite":13,"minecraft:wall_torch":3,"minecraft:spawner":1,"minecraft:furnace":1,"minecraft:birch_log":11,"minecraft:iron_ore":28,"minecraft:birch_leaves":2,"minecraft:andesite":3,"minecraft:coal_ore":39,"minecraft:deepslate_iron_ore":7,"minecraft:dirt":17,"minecraft:cobweb":18,"minecraft:stone":186,"minecraft:deepslate":1},"minecraft:custom":{"minecraft:interact_with_furnace":13,"minecraft:mob_kills":5,"minecraft:interact_with_crafting_table":12,"minecraft:leave_game":1,"minecraft:time_since_death":67216,"minecraft:time_since_rest":67216,"minecraft:sprint_one_cm":67887,"minecraft:damage_taken":518,"minecraft:walk_one_cm":50028,"minecraft:damage_dealt":945,"minecraft:swim_one_cm":3413,"minecraft:fly_one_cm":37000,"minecraft:open_chest":2,"minecraft:crouch_one_cm":2069,"minecraft:play_time":67216,"minecraft:sneak_time":1153,"minecraft:walk_under_water_one_cm":1936,"minecraft:jump":362,"minecraft:walk_on_water_one_cm":12816,"minecraft:total_world_time":67216,"minecraft:fall_one_cm":4127},"minecraft:broken":{"minecraft:stone_pickaxe":2,"minecraft:wooden_pickaxe":1},"minecraft:used":{"minecraft:water_bucket":3,"minecraft:diorite":13,"minecraft:stone_sword":40,"minecraft:stone_pickaxe":264,"minecraft:chest":1,"minecraft:wooden_pickaxe":60,"minecraft:iron_chestplate":1,"minecraft:torch":42,"minecraft:glow_berries":6,"minecraft:dirt":6,"minecraft:crafting_table":5,"minecraft:granite":12,"minecraft:axolotl_bucket":1,"minecraft:bread":6,"minecraft:iron_helmet":1,"minecraft:iron_boots":1,"minecraft:stone_axe":2,"minecraft:cobblestone":36,"minecraft:furnace":1,"minecraft:bucket":5,"minecraft:egg":2},"minecraft:picked_up":{"minecraft:birch_log":11,"minecraft:crafting_table":4,"minecraft:andesite":3,"minecraft:dirt":19,"minecraft:lapis_lazuli":9,"minecraft:string":20,"minecraft:bone":2,"minecraft:cobbled_deepslate":1,"minecraft:chest":1,"minecraft:egg":2,"minecraft:furnace":1,"minecraft:raw_iron":35,"minecraft:torch":33,"minecraft:diorite":13,"minecraft:spider_eye":1,"minecraft:arrow":1,"minecraft:granite":24,"minecraft:coal":66,"minecraft:cobblestone":190},"minecraft:crafted":{"minecraft:crafting_table":2,"minecraft:wooden_pickaxe":1,"minecraft:iron_helmet":1,"minecraft:furnace":1,"minecraft:bucket":1,"minecraft:birch_planks":44,"minecraft:stone_axe":1,"minecraft:air":0,"minecraft:iron_boots":1,"minecraft:iron_chestplate":1,"minecraft:stick":12,"minecraft:iron_ingot":28,"minecraft:stone_pickaxe":2,"minecraft:stone_sword":1,"minecraft:chest":1,"minecraft:iron_leggings":1,"minecraft:torch":12},"minecraft:killed":{"minecraft:cave_spider":2,"minecraft:skeleton":1,"minecraft:zombie":2}},"DataVersion":3953}