{"stats":{"minecraft:crafted":{"minecraft:cooked_porkchop":16,"minecraft:crafting_table":2,"minecraft:iron_helmet":1,"minecraft:wooden_pickaxe":1,"minecraft:cooked_chicken":2,"minecraft:furnace":1,"minecraft:bucket":1,"minecraft:birch_planks":44,"minecraft:stone_axe":1,"minecraft:cooked_mutton":2,"minecraft:air":0,"minecraft:iron_boots":1,"minecraft:iron_chestplate":1,"minecraft:stick":20,"minecraft:iron_ingot":35,"minecraft:stone_pickaxe":3,"minecraft:stone_sword":1,"minecraft:chest":1,"minecraft:iron_leggings":1,"minecraft:white_bed":1,"minecraft:torch":16},"minecraft:used":{"minecraft:water_bucket":3,"minecraft:diorite":13,"minecraft:stone_sword":79,"minecraft:stone_pickaxe":294,"minecraft:chest":1,"minecraft:wooden_pickaxe":60,"minecraft:cooked_chicken":1,"minecraft:iron_chestplate":2,"minecraft:torch":44,"minecraft:glow_berries":6,"minecraft:dirt":24,"minecraft:crafting_table":7,"minecraft:white_bed":1,"minecraft:granite":22,"minecraft:axolotl_bucket":1,"minecraft:bread":6,"minecraft:iron_helmet":1,"minecraft:iron_boots":1,"minecraft:stone_axe":4,"minecraft:cobblestone":36,"minecraft:furnace":2,"minecraft:cooked_porkchop":1,"minecraft:bucket":5,"minecraft:egg":3},"minecraft:custom":{"minecraft:interact_with_furnace":19,"minecraft:mob_kills":20,"minecraft:interact_with_crafting_table":15,"minecraft:leave_game":2,"minecraft:time_since_death":1904,"minecraft:sleep_in_bed":1,"minecraft:time_since_rest":1936,"minecraft:sprint_one_cm":131288,"minecraft:damage_taken":1316,"minecraft:walk_one_cm":74403,"minecraft:drop":4,"minecraft:damage_dealt":2233,"minecraft:swim_one_cm":17080,"minecraft:fly_one_cm":114097,"minecraft:open_chest":2,"minecraft:play_time":93312,"minecraft:crouch_one_cm":4145,"minecraft:sneak_time":2306,"minecraft:deaths":3,"minecraft:walk_under_water_one_cm":2327,"minecraft:jump":889,"minecraft:walk_on_water_one_cm":13930,"minecraft:total_world_time":93312,"minecraft:fall_one_cm":17134},"minecraft:broken":{"minecraft:stone_pickaxe":2,"minecraft:wooden_pickaxe":1},"minecraft:dropped":{"minecraft:wheat_seeds":1,"minecraft:rotten_flesh":4,"minecraft:spider_eye":1},"minecraft:killed_by":{"minecraft:skeleton":2},"minecraft:killed":{"minecraft:cave_spider":2,"minecraft:pig":6,"minecraft:sheep":5,"minecraft:skeleton":1,"minecraft:zombie":3,"minecraft:chicken":2,"minecraft:cow":1},"minecraft:picked_up":{"minecraft:birch_log":11,"minecraft:crafting_table":9,"minecraft:iron_chestplate":3,"minecraft:feather":12,"minecraft:chicken":4,"minecraft:andesite":12,"minecraft:birch_planks":43,"minecraft:dirt":59,"minecraft:lapis_lazuli":36,"minecraft:string":80,"minecraft:name_tag":6,"minecraft:iron_leggings":3,"minecraft:cooked_mutton":4,"minecraft:bone":8,"minecraft:wheat_seeds":4,"minecraft:cobbled_deepslate":4,"minecraft:stone_pickaxe":2,"minecraft:beef":3,"minecraft:iron_ingot":32,"minecraft:cooked_chicken":2,"minecraft:light_gray_wool":3,"minecraft:chest":4,"minecraft:egg":3,"minecraft:furnace":3,"minecraft:iron_boots":1,"minecraft:stick":10,"minecraft:raw_iron":45,"minecraft:cooked_porkchop":15,"minecraft:torch":39,"minecraft:axolotl_bucket":3,"minecraft:gravel":15,"minecraft:porkchop":16,"minecraft:diorite":13,"minecraft:white_bed":3,"minecraft:spider_eye":2,"minecraft:stone_sword":3,"minecraft:arrow":4,"minecraft:rotten_flesh":12,"minecraft:stone_axe":3,"minecraft:iron_helmet":3,"minecraft:granite":30,"minecraft:gold_ingot":9,"minecraft:mutton":22,"minecraft:coal":165,"minecraft:white_wool":4,"minecraft:cobblestone":605},"minecraft:mined":{"minecraft:white_bed":1,"minecraft:crafting_table":6,"minecraft:torch":4,"minecraft:granite":24,"minecraft:short_grass":5,"minecraft:grass_block":3,"minecraft:chest":1,"minecraft:cobblestone":5,"minecraft:lapis_ore":1,"minecraft:diorite":13,"minecraft:wall_torch":3,"minecraft:spawner":1,"minecraft:furnace":2,"minecraft:birch_log":11,"minecraft:iron_ore":29,"minecraft:andesite":3,"minecraft:birch_leaves":6,"minecraft:coal_ore":53,"minecraft:deepslate_iron_ore":7,"minecraft:gravel":5,"minecraft:dirt":28,"minecraft:cobweb":18,"minecraft:stone":196,"minecraft:deepslate":1}},"DataVersion":3953}