{"stats":{"minecraft:mined":{"minecraft:furnace":1,"minecraft:iron_ore":22,"minecraft:birch_log":11,"minecraft:andesite":3,"minecraft:birch_leaves":2,"minecraft:crafting_table":4,"minecraft:granite":15,"minecraft:short_grass":2,"minecraft:coal_ore":39,"minecraft:grass_block":2,"minecraft:deepslate_iron_ore":6,"minecraft:chest":1,"minecraft:dirt":11,"minecraft:cobweb":18,"minecraft:stone":155,"minecraft:lapis_ore":1,"minecraft:deepslate":1,"minecraft:wall_torch":1,"minecraft:spawner":1},"minecraft:custom":{"minecraft:time_since_rest":43216,"minecraft:interact_with_furnace":13,"minecraft:sprint_one_cm":47242,"minecraft:damage_taken":331,"minecraft:walk_one_cm":35310,"minecraft:mob_kills":2,"minecraft:damage_dealt":280,"minecraft:swim_one_cm":418,"minecraft:interact_with_crafting_table":12,"minecraft:fly_one_cm":18155,"minecraft:open_chest":2,"minecraft:crouch_one_cm":1673,"minecraft:play_time":43216,"minecraft:sneak_time":886,"minecraft:walk_under_water_one_cm":220,"minecraft:jump":187,"minecraft:leave_game":1,"minecraft:walk_on_water_one_cm":7540,"minecraft:time_since_death":43216,"minecraft:total_world_time":43216,"minecraft:fall_one_cm":1861},"minecraft:broken":{"minecraft:stone_pickaxe":1,"minecraft:wooden_pickaxe":1},"minecraft:used":{"minecraft:water_bucket":3,"minecraft:stone_sword":25,"minecraft:bread":5,"minecraft:stone_pickaxe":192,"minecraft:iron_helmet":1,"minecraft:chest":1,"minecraft:wooden_pickaxe":60,"minecraft:iron_boots":1,"minecraft:iron_chestplate":1,"minecraft:stone_axe":2,"minecraft:torch":8,"minecraft:dirt":6,"minecraft:cobblestone":2,"minecraft:crafting_table":5,"minecraft:furnace":1,"minecraft:bucket":5,"minecraft:egg":2,"minecraft:axolotl_bucket":1},"minecraft:picked_up":{"minecraft:birch_log":11,"minecraft:raw_iron":28,"minecraft:crafting_table":4,"minecraft:andesite":3,"minecraft:torch":2,"minecraft:string":20,"minecraft:spider_eye":1,"minecraft:lapis_lazuli":9,"minecraft:dirt":13,"minecraft:cobbled_deepslate":1,"minecraft:granite":15,"minecraft:chest":1,"minecraft:coal":66,"minecraft:furnace":1,"minecraft:cobblestone":154,"minecraft:egg":2},"minecraft:crafted":{"minecraft:iron_chestplate":1,"minecraft:iron_boots":1,"minecraft:crafting_table":2,"minecraft:iron_helmet":1,"minecraft:stick":12,"minecraft:iron_ingot":28,"minecraft:wooden_pickaxe":1,"minecraft:stone_pickaxe":2,"minecraft:stone_sword":1,"minecraft:chest":1,"minecraft:iron_leggings":1,"minecraft:furnace":1,"minecraft:bucket":1,"minecraft:torch":12,"minecraft:birch_planks":44,"minecraft:stone_axe":1,"minecraft:air":0},"minecraft:killed":{"minecraft:cave_spider":2}},"DataVersion":3953}