{"stats":{"minecraft:crafted":{"minecraft:cooked_chicken":2,"minecraft:furnace":1,"minecraft:cooked_mutton":2,"minecraft:iron_boots":1,"minecraft:stone_pickaxe":3,"minecraft:chest":1,"minecraft:cooked_porkchop":16,"minecraft:crafting_table":2,"minecraft:wooden_pickaxe":1,"minecraft:iron_helmet":1,"minecraft:bucket":1,"minecraft:birch_planks":44,"minecraft:stone_axe":1,"minecraft:air":0,"minecraft:iron_chestplate":1,"minecraft:stick":20,"minecraft:iron_ingot":35,"minecraft:stone_sword":2,"minecraft:iron_leggings":1,"minecraft:white_bed":1,"minecraft:torch":16},"minecraft:used":{"minecraft:stone_sword":279,"minecraft:chest":1,"minecraft:iron_sword":331,"minecraft:cooked_chicken":2,"minecraft:iron_chestplate":2,"minecraft:torch":45,"minecraft:dirt":27,"minecraft:granite":22,"minecraft:axolotl_bucket":1,"minecraft:iron_helmet":1,"minecraft:iron_boots":1,"minecraft:furnace":2,"minecraft:egg":3,"minecraft:cooked_mutton":2,"minecraft:water_bucket":3,"minecraft:diorite":13,"minecraft:stone_pickaxe":317,"minecraft:wooden_pickaxe":60,"minecraft:glow_berries":6,"minecraft:crafting_table":8,"minecraft:white_bed":6,"minecraft:apple":11,"minecraft:bread":37,"minecraft:stone_axe":6,"minecraft:pink_petals":4,"minecraft:cobblestone":60,"minecraft:cooked_porkchop":16,"minecraft:bucket":5,"minecraft:yellow_bed":4},"minecraft:custom":{"minecraft:mob_kills":232,"minecraft:interact_with_crafting_table":16,"minecraft:leave_game":6,"minecraft:time_since_death":715,"minecraft:climb_one_cm":3588,"minecraft:sprint_one_cm":658796,"minecraft:walk_one_cm":224642,"minecraft:drop":19,"minecraft:talked_to_villager":1,"minecraft:play_time":237428,"minecraft:deaths":5,"minecraft:sneak_time":3420,"minecraft:walk_under_water_one_cm":4319,"minecraft:jump":5465,"minecraft:walk_on_water_one_cm":33018,"minecraft:total_world_time":237428,"minecraft:interact_with_furnace":19,"minecraft:sleep_in_bed":12,"minecraft:time_since_rest":874,"minecraft:damage_taken":3940,"minecraft:damage_dealt":23016,"minecraft:swim_one_cm":87284,"minecraft:fly_one_cm":1254567,"minecraft:open_chest":26,"minecraft:crouch_one_cm":7795,"minecraft:fall_one_cm":166675},"minecraft:broken":{"minecraft:stone_sword":2,"minecraft:wooden_pickaxe":1,"minecraft:stone_pickaxe":2,"minecraft:iron_sword":1},"minecraft:dropped":{"minecraft:wheat_seeds":2,"minecraft:crafting_table":1,"minecraft:apple":3,"minecraft:leather":2,"minecraft:granite":2,"minecraft:gray_wool":2,"minecraft:brown_wool":1,"minecraft:white_wool":24,"minecraft:obsidian":6,"minecraft:rotten_flesh":8,"minecraft:spider_eye":1,"minecraft:black_wool":1},"minecraft:killed_by":{"minecraft:skeleton":2,"minecraft:zombie":1},"minecraft:killed":{"minecraft:armadillo":1,"minecraft:cave_spider":2,"minecraft:spider":1,"minecraft:skeleton":3,"minecraft:chicken":2,"minecraft:pig":42,"minecraft:sheep":91,"minecraft:zombie":6,"minecraft:cow":83,"minecraft:enderman":1},"minecraft:picked_up":{"minecraft:crafting_table":10,"minecraft:iron_chestplate":5,"minecraft:chicken":4,"minecraft:string":102,"minecraft:iron_leggings":5,"minecraft:cobbled_deepslate":4,"minecraft:bucket":1,"minecraft:beef":298,"minecraft:iron_pickaxe":1,"minecraft:light_gray_wool":3,"minecraft:sugar_cane":18,"minecraft:chest":5,"minecraft:egg":3,"minecraft:iron_boots":3,"minecraft:furnace":4,"minecraft:stick":11,"minecraft:raw_iron":45,"minecraft:torch":44,"minecraft:porkchop":143,"minecraft:diorite":13,"minecraft:stone_sword":3,"minecraft:arrow":9,"minecraft:rotten_flesh":14,"minecraft:hay_block":243,"minecraft:gold_ingot":17,"minecraft:mutton":272,"minecraft:obsidian":3,"minecraft:white_wool":37,"minecraft:cobblestone":745,"minecraft:birch_log":11,"minecraft:pink_petals":4,"minecraft:feather":12,"minecraft:andesite":12,"minecraft:brown_wool":1,"minecraft:leather":19,"minecraft:potato":30,"minecraft:birch_planks":55,"minecraft:yellow_bed":5,"minecraft:lapis_lazuli":36,"minecraft:dirt":63,"minecraft:name_tag":8,"minecraft:cooked_mutton":4,"minecraft:bone":14,"minecraft:wheat_seeds":5,"minecraft:cooked_chicken":2,"minecraft:stone_pickaxe":3,"minecraft:iron_ingot":53,"minecraft:iron_sword":2,"minecraft:cooked_porkchop":15,"minecraft:axolotl_bucket":4,"minecraft:gravel":15,"minecraft:white_bed":7,"minecraft:spider_eye":2,"minecraft:diamond":1,"minecraft:stone_axe":4,"minecraft:iron_helmet":4,"minecraft:granite":30,"minecraft:gray_wool":2,"minecraft:emerald":10,"minecraft:bread":7,"minecraft:coal":201,"minecraft:black_wool":1,"minecraft:ender_pearl":2},"minecraft:mined":{"minecraft:white_bed":5,"minecraft:granite":24,"minecraft:grass_block":4,"minecraft:spawner":1,"minecraft:hay_block":128,"minecraft:furnace":2,"minecraft:iron_ore":29,"minecraft:andesite":3,"minecraft:deepslate_iron_ore":7,"minecraft:stone":197,"minecraft:crafting_table":7,"minecraft:torch":5,"minecraft:short_grass":88,"minecraft:chest":1,"minecraft:tall_grass":15,"minecraft:cobblestone":25,"minecraft:lapis_ore":1,"minecraft:sugar_cane":6,"minecraft:diorite":13,"minecraft:wall_torch":3,"minecraft:pink_petals":4,"minecraft:birch_log":11,"minecraft:birch_leaves":7,"minecraft:yellow_bed":5,"minecraft:coal_ore":53,"minecraft:gravel":5,"minecraft:dirt":31,"minecraft:cobweb":18,"minecraft:oak_leaves":4,"minecraft:deepslate":1,"minecraft:fern":1}},"DataVersion":3953}