{"stats":{"minecraft:mined":{"minecraft:crafting_table":4,"minecraft:torch":2,"minecraft:granite":24,"minecraft:short_grass":5,"minecraft:grass_block":3,"minecraft:chest":1,"minecraft:cobblestone":5,"minecraft:lapis_ore":1,"minecraft:diorite":13,"minecraft:wall_torch":3,"minecraft:spawner":1,"minecraft:furnace":1,"minecraft:birch_log":11,"minecraft:iron_ore":28,"minecraft:birch_leaves":2,"minecraft:andesite":3,"minecraft:coal_ore":39,"minecraft:deepslate_iron_ore":7,"minecraft:dirt":17,"minecraft:cobweb":18,"minecraft:stone":186,"minecraft:deepslate":1},"minecraft:custom":{"minecraft:interact_with_furnace":18,"minecraft:mob_kills":15,"minecraft:interact_with_crafting_table":14,"minecraft:leave_game":1,"minecraft:time_since_death":6003,"minecraft:time_since_rest":6029,"minecraft:sprint_one_cm":86537,"minecraft:damage_taken":582,"minecraft:walk_one_cm":61328,"minecraft:drop":1,"minecraft:damage_dealt":1813,"minecraft:swim_one_cm":7931,"minecraft:fly_one_cm":64612,"minecraft:open_chest":2,"minecraft:crouch_one_cm":2135,"minecraft:play_time":79216,"minecraft:deaths":1,"minecraft:sneak_time":1224,"minecraft:walk_under_water_one_cm":2114,"minecraft:jump":570,"minecraft:walk_on_water_one_cm":13625,"minecraft:total_world_time":79216,"minecraft:fall_one_cm":8034},"minecraft:broken":{"minecraft:stone_pickaxe":2,"minecraft:wooden_pickaxe":1},"minecraft:used":{"minecraft:water_bucket":3,"minecraft:diorite":13,"minecraft:stone_sword":66,"minecraft:stone_pickaxe":264,"minecraft:chest":1,"minecraft:wooden_pickaxe":60,"minecraft:iron_chestplate":2,"minecraft:torch":42,"minecraft:glow_berries":6,"minecraft:dirt":6,"minecraft:crafting_table":6,"minecraft:granite":22,"minecraft:axolotl_bucket":1,"minecraft:bread":6,"minecraft:iron_helmet":1,"minecraft:iron_boots":1,"minecraft:stone_axe":2,"minecraft:cobblestone":36,"minecraft:furnace":2,"minecraft:cooked_porkchop":1,"minecraft:bucket":5,"minecraft:egg":3},"minecraft:dropped":{"minecraft:rotten_flesh":2},"minecraft:picked_up":{"minecraft:birch_log":11,"minecraft:iron_chestplate":1,"minecraft:crafting_table":5,"minecraft:feather":6,"minecraft:chicken":4,"minecraft:andesite":6,"minecraft:birch_planks":19,"minecraft:dirt":34,"minecraft:lapis_lazuli":18,"minecraft:string":40,"minecraft:name_tag":2,"minecraft:iron_leggings":1,"minecraft:bone":4,"minecraft:wheat_seeds":2,"minecraft:cobbled_deepslate":2,"minecraft:iron_ingot":6,"minecraft:chest":2,"minecraft:iron_boots":1,"minecraft:egg":3,"minecraft:furnace":1,"minecraft:raw_iron":42,"minecraft:torch":33,"minecraft:axolotl_bucket":1,"minecraft:porkchop":16,"minecraft:diorite":13,"minecraft:spider_eye":2,"minecraft:stone_sword":1,"minecraft:arrow":2,"minecraft:rotten_flesh":6,"minecraft:stone_axe":1,"minecraft:iron_helmet":1,"minecraft:granite":26,"minecraft:gold_ingot":3,"minecraft:mutton":4,"minecraft:coal":79,"minecraft:white_wool":2,"minecraft:cobblestone":325},"minecraft:crafted":{"minecraft:cooked_porkchop":16,"minecraft:crafting_table":2,"minecraft:cooked_chicken":2,"minecraft:wooden_pickaxe":1,"minecraft:iron_helmet":1,"minecraft:furnace":1,"minecraft:bucket":1,"minecraft:birch_planks":44,"minecraft:stone_axe":1,"minecraft:cooked_mutton":2,"minecraft:air":0,"minecraft:iron_boots":1,"minecraft:iron_chestplate":1,"minecraft:stick":20,"minecraft:iron_ingot":29,"minecraft:stone_pickaxe":3,"minecraft:stone_sword":1,"minecraft:chest":1,"minecraft:iron_leggings":1,"minecraft:torch":12},"minecraft:killed":{"minecraft:cave_spider":2,"minecraft:pig":6,"minecraft:sheep":1,"minecraft:skeleton":1,"minecraft:zombie":3,"minecraft:chicken":2}},"DataVersion":3953}