{"stats":{"minecraft:mined":{"minecraft:iron_ore":12,"minecraft:birch_log":11,"minecraft:andesite":3,"minecraft:birch_leaves":2,"minecraft:crafting_table":3,"minecraft:granite":15,"minecraft:short_grass":2,"minecraft:coal_ore":39,"minecraft:grass_block":2,"minecraft:chest":1,"minecraft:dirt":11,"minecraft:stone":153,"minecraft:lapis_ore":1},"minecraft:custom":{"minecraft:time_since_rest":31216,"minecraft:sprint_one_cm":20484,"minecraft:walk_one_cm":22030,"minecraft:swim_one_cm":418,"minecraft:interact_with_crafting_table":5,"minecraft:fly_one_cm":9485,"minecraft:open_chest":2,"minecraft:crouch_one_cm":734,"minecraft:play_time":31216,"minecraft:sneak_time":272,"minecraft:walk_under_water_one_cm":220,"minecraft:jump":125,"minecraft:leave_game":1,"minecraft:walk_on_water_one_cm":1868,"minecraft:time_since_death":31216,"minecraft:total_world_time":31216,"minecraft:fall_one_cm":894},"minecraft:broken":{"minecraft:stone_pickaxe":1,"minecraft:wooden_pickaxe":1},"minecraft:used":{"minecraft:stone_pickaxe":171,"minecraft:chest":1,"minecraft:wooden_pickaxe":60,"minecraft:stone_axe":1,"minecraft:torch":4,"minecraft:dirt":6,"minecraft:crafting_table":4,"minecraft:egg":2},"minecraft:picked_up":{"minecraft:birch_log":11,"minecraft:raw_iron":12,"minecraft:crafting_table":3,"minecraft:andesite":3,"minecraft:lapis_lazuli":9,"minecraft:dirt":13,"minecraft:granite":15,"minecraft:chest":1,"minecraft:coal":39,"minecraft:cobblestone":152,"minecraft:egg":2},"minecraft:crafted":{"minecraft:crafting_table":2,"minecraft:stick":12,"minecraft:wooden_pickaxe":1,"minecraft:stone_pickaxe":2,"minecraft:stone_sword":1,"minecraft:chest":1,"minecraft:torch":12,"minecraft:birch_planks":44,"minecraft:stone_axe":1}},"DataVersion":3953}