{"stats":{"minecraft:crafted":{"minecraft:cooked_porkchop":16,"minecraft:crafting_table":2,"minecraft:iron_helmet":1,"minecraft:wooden_pickaxe":1,"minecraft:cooked_chicken":2,"minecraft:furnace":1,"minecraft:bucket":1,"minecraft:birch_planks":44,"minecraft:stone_axe":1,"minecraft:cooked_mutton":2,"minecraft:air":0,"minecraft:iron_boots":1,"minecraft:iron_chestplate":1,"minecraft:stick":20,"minecraft:iron_ingot":35,"minecraft:stone_pickaxe":3,"minecraft:stone_sword":2,"minecraft:chest":1,"minecraft:iron_leggings":1,"minecraft:white_bed":1,"minecraft:torch":16},"minecraft:used":{"minecraft:water_bucket":3,"minecraft:diorite":13,"minecraft:stone_sword":238,"minecraft:stone_pickaxe":294,"minecraft:chest":1,"minecraft:wooden_pickaxe":60,"minecraft:cooked_chicken":2,"minecraft:iron_chestplate":2,"minecraft:torch":45,"minecraft:glow_berries":6,"minecraft:dirt":25,"minecraft:crafting_table":8,"minecraft:white_bed":4,"minecraft:granite":22,"minecraft:axolotl_bucket":1,"minecraft:bread":6,"minecraft:iron_helmet":1,"minecraft:iron_boots":1,"minecraft:stone_axe":6,"minecraft:cobblestone":36,"minecraft:furnace":2,"minecraft:cooked_porkchop":11,"minecraft:bucket":5,"minecraft:egg":3},"minecraft:custom":{"minecraft:interact_with_furnace":19,"minecraft:mob_kills":71,"minecraft:interact_with_crafting_table":16,"minecraft:leave_game":2,"minecraft:time_since_death":37904,"minecraft:sleep_in_bed":4,"minecraft:climb_one_cm":846,"minecraft:time_since_rest":7497,"minecraft:sprint_one_cm":293972,"minecraft:damage_taken":1717,"minecraft:walk_one_cm":121234,"minecraft:drop":9,"minecraft:damage_dealt":7293,"minecraft:swim_one_cm":33835,"minecraft:fly_one_cm":419982,"minecraft:open_chest":8,"minecraft:play_time":129312,"minecraft:crouch_one_cm":4193,"minecraft:sneak_time":2392,"minecraft:deaths":3,"minecraft:walk_under_water_one_cm":2637,"minecraft:jump":2172,"minecraft:walk_on_water_one_cm":17238,"minecraft:total_world_time":129312,"minecraft:fall_one_cm":57785},"minecraft:broken":{"minecraft:stone_pickaxe":2,"minecraft:stone_sword":1,"minecraft:wooden_pickaxe":1},"minecraft:dropped":{"minecraft:wheat_seeds":2,"minecraft:crafting_table":1,"minecraft:rotten_flesh":8,"minecraft:granite":2,"minecraft:spider_eye":1},"minecraft:killed_by":{"minecraft:skeleton":2},"minecraft:killed":{"minecraft:cave_spider":2,"minecraft:pig":40,"minecraft:sheep":7,"minecraft:skeleton":1,"minecraft:zombie":3,"minecraft:chicken":2,"minecraft:cow":16},"minecraft:picked_up":{"minecraft:birch_log":11,"minecraft:crafting_table":10,"minecraft:iron_chestplate":3,"minecraft:feather":12,"minecraft:chicken":4,"minecraft:andesite":12,"minecraft:birch_planks":43,"minecraft:dirt":61,"minecraft:lapis_lazuli":36,"minecraft:string":80,"minecraft:name_tag":6,"minecraft:iron_leggings":3,"minecraft:cooked_mutton":4,"minecraft:bone":10,"minecraft:wheat_seeds":5,"minecraft:cobbled_deepslate":4,"minecraft:stone_pickaxe":2,"minecraft:beef":29,"minecraft:iron_ingot":32,"minecraft:cooked_chicken":2,"minecraft:light_gray_wool":3,"minecraft:sugar_cane":9,"minecraft:chest":4,"minecraft:egg":3,"minecraft:furnace":3,"minecraft:iron_boots":2,"minecraft:stick":11,"minecraft:raw_iron":45,"minecraft:cooked_porkchop":15,"minecraft:torch":40,"minecraft:axolotl_bucket":3,"minecraft:gravel":15,"minecraft:porkchop":79,"minecraft:diorite":13,"minecraft:white_bed":6,"minecraft:spider_eye":2,"minecraft:stone_sword":3,"minecraft:arrow":5,"minecraft:rotten_flesh":14,"minecraft:stone_axe":3,"minecraft:hay_block":21,"minecraft:iron_helmet":3,"minecraft:granite":30,"minecraft:gold_ingot":9,"minecraft:mutton":25,"minecraft:coal":165,"minecraft:white_wool":6,"minecraft:cobblestone":605},"minecraft:mined":{"minecraft:white_bed":4,"minecraft:crafting_table":7,"minecraft:torch":5,"minecraft:granite":24,"minecraft:short_grass":32,"minecraft:grass_block":3,"minecraft:chest":1,"minecraft:tall_grass":6,"minecraft:cobblestone":5,"minecraft:lapis_ore":1,"minecraft:sugar_cane":6,"minecraft:diorite":13,"minecraft:wall_torch":3,"minecraft:spawner":1,"minecraft:hay_block":21,"minecraft:furnace":2,"minecraft:birch_log":11,"minecraft:iron_ore":29,"minecraft:andesite":3,"minecraft:birch_leaves":6,"minecraft:coal_ore":53,"minecraft:deepslate_iron_ore":7,"minecraft:gravel":5,"minecraft:dirt":30,"minecraft:cobweb":18,"minecraft:stone":196,"minecraft:deepslate":1,"minecraft:fern":1}},"DataVersion":3953}