{"stats":{"minecraft:crafted":{"minecraft:cooked_porkchop":16,"minecraft:crafting_table":2,"minecraft:iron_helmet":1,"minecraft:wooden_pickaxe":1,"minecraft:cooked_chicken":2,"minecraft:furnace":1,"minecraft:bucket":1,"minecraft:birch_planks":44,"minecraft:stone_axe":1,"minecraft:cooked_mutton":2,"minecraft:air":0,"minecraft:iron_boots":1,"minecraft:iron_chestplate":1,"minecraft:stick":20,"minecraft:iron_ingot":35,"minecraft:stone_pickaxe":3,"minecraft:stone_sword":2,"minecraft:chest":1,"minecraft:iron_leggings":1,"minecraft:white_bed":1,"minecraft:torch":16},"minecraft:used":{"minecraft:cooked_mutton":2,"minecraft:water_bucket":3,"minecraft:diorite":13,"minecraft:stone_sword":279,"minecraft:stone_pickaxe":294,"minecraft:chest":1,"minecraft:wooden_pickaxe":60,"minecraft:iron_sword":62,"minecraft:cooked_chicken":2,"minecraft:iron_chestplate":2,"minecraft:torch":45,"minecraft:glow_berries":6,"minecraft:dirt":25,"minecraft:crafting_table":8,"minecraft:white_bed":5,"minecraft:granite":22,"minecraft:axolotl_bucket":1,"minecraft:bread":6,"minecraft:iron_helmet":1,"minecraft:iron_boots":1,"minecraft:stone_axe":6,"minecraft:cobblestone":36,"minecraft:furnace":2,"minecraft:cooked_porkchop":13,"minecraft:bucket":5,"minecraft:egg":3},"minecraft:custom":{"minecraft:interact_with_furnace":19,"minecraft:mob_kills":101,"minecraft:interact_with_crafting_table":16,"minecraft:leave_game":2,"minecraft:time_since_death":55904,"minecraft:sleep_in_bed":5,"minecraft:climb_one_cm":846,"minecraft:time_since_rest":12627,"minecraft:sprint_one_cm":368750,"minecraft:damage_taken":2015,"minecraft:walk_one_cm":143556,"minecraft:drop":10,"minecraft:damage_dealt":10425,"minecraft:swim_one_cm":48732,"minecraft:fly_one_cm":651919,"minecraft:open_chest":15,"minecraft:play_time":147312,"minecraft:crouch_one_cm":6852,"minecraft:sneak_time":2989,"minecraft:deaths":3,"minecraft:walk_under_water_one_cm":3049,"minecraft:jump":2979,"minecraft:walk_on_water_one_cm":23050,"minecraft:total_world_time":147312,"minecraft:fall_one_cm":80952},"minecraft:broken":{"minecraft:stone_pickaxe":2,"minecraft:stone_sword":2,"minecraft:wooden_pickaxe":1},"minecraft:dropped":{"minecraft:wheat_seeds":2,"minecraft:crafting_table":1,"minecraft:rotten_flesh":8,"minecraft:granite":2,"minecraft:gray_wool":2,"minecraft:spider_eye":1},"minecraft:killed_by":{"minecraft:skeleton":2},"minecraft:killed":{"minecraft:armadillo":1,"minecraft:cave_spider":2,"minecraft:pig":41,"minecraft:sheep":19,"minecraft:skeleton":1,"minecraft:zombie":3,"minecraft:chicken":2,"minecraft:enderman":1,"minecraft:cow":31},"minecraft:picked_up":{"minecraft:birch_log":11,"minecraft:crafting_table":10,"minecraft:iron_chestplate":3,"minecraft:feather":12,"minecraft:chicken":4,"minecraft:andesite":12,"minecraft:leather":12,"minecraft:birch_planks":43,"minecraft:dirt":61,"minecraft:lapis_lazuli":36,"minecraft:string":80,"minecraft:name_tag":6,"minecraft:iron_leggings":3,"minecraft:cooked_mutton":4,"minecraft:bone":10,"minecraft:wheat_seeds":5,"minecraft:cobbled_deepslate":4,"minecraft:stone_pickaxe":2,"minecraft:beef":56,"minecraft:iron_ingot":32,"minecraft:cooked_chicken":2,"minecraft:light_gray_wool":3,"minecraft:sugar_cane":9,"minecraft:chest":4,"minecraft:egg":3,"minecraft:furnace":3,"minecraft:iron_boots":2,"minecraft:stick":11,"minecraft:raw_iron":45,"minecraft:cooked_porkchop":15,"minecraft:torch":40,"minecraft:axolotl_bucket":3,"minecraft:gravel":15,"minecraft:porkchop":79,"minecraft:diorite":13,"minecraft:white_bed":7,"minecraft:spider_eye":2,"minecraft:stone_sword":3,"minecraft:arrow":5,"minecraft:rotten_flesh":14,"minecraft:stone_axe":3,"minecraft:hay_block":38,"minecraft:iron_helmet":3,"minecraft:granite":30,"minecraft:gray_wool":2,"minecraft:gold_ingot":9,"minecraft:mutton":42,"minecraft:coal":165,"minecraft:white_wool":6,"minecraft:cobblestone":605,"minecraft:ender_pearl":1},"minecraft:mined":{"minecraft:white_bed":5,"minecraft:crafting_table":7,"minecraft:torch":5,"minecraft:granite":24,"minecraft:short_grass":57,"minecraft:grass_block":3,"minecraft:chest":1,"minecraft:tall_grass":13,"minecraft:cobblestone":5,"minecraft:lapis_ore":1,"minecraft:sugar_cane":6,"minecraft:diorite":13,"minecraft:wall_torch":3,"minecraft:spawner":1,"minecraft:hay_block":38,"minecraft:furnace":2,"minecraft:birch_log":11,"minecraft:iron_ore":29,"minecraft:andesite":3,"minecraft:birch_leaves":6,"minecraft:coal_ore":53,"minecraft:deepslate_iron_ore":7,"minecraft:gravel":5,"minecraft:dirt":30,"minecraft:cobweb":18,"minecraft:stone":196,"minecraft:deepslate":1,"minecraft:fern":1}},"DataVersion":3953}