{"stats":{"minecraft:crafted":{"minecraft:cooked_porkchop":16,"minecraft:crafting_table":2,"minecraft:iron_helmet":1,"minecraft:cooked_chicken":2,"minecraft:wooden_pickaxe":1,"minecraft:furnace":1,"minecraft:bucket":1,"minecraft:birch_planks":44,"minecraft:stone_axe":1,"minecraft:cooked_mutton":2,"minecraft:air":0,"minecraft:iron_boots":1,"minecraft:iron_chestplate":1,"minecraft:stick":20,"minecraft:iron_ingot":35,"minecraft:stone_pickaxe":3,"minecraft:stone_sword":2,"minecraft:chest":1,"minecraft:iron_leggings":1,"minecraft:white_bed":1,"minecraft:torch":16},"minecraft:used":{"minecraft:cooked_mutton":2,"minecraft:water_bucket":3,"minecraft:diorite":13,"minecraft:stone_sword":279,"minecraft:stone_pickaxe":296,"minecraft:chest":1,"minecraft:wooden_pickaxe":60,"minecraft:iron_sword":328,"minecraft:cooked_chicken":2,"minecraft:iron_chestplate":2,"minecraft:glow_berries":6,"minecraft:torch":45,"minecraft:dirt":25,"minecraft:crafting_table":8,"minecraft:white_bed":6,"minecraft:granite":22,"minecraft:axolotl_bucket":1,"minecraft:apple":11,"minecraft:bread":33,"minecraft:iron_helmet":1,"minecraft:iron_boots":1,"minecraft:stone_axe":6,"minecraft:pink_petals":4,"minecraft:cobblestone":48,"minecraft:furnace":2,"minecraft:cooked_porkchop":16,"minecraft:bucket":5,"minecraft:yellow_bed":2,"minecraft:egg":3},"minecraft:custom":{"minecraft:interact_with_furnace":19,"minecraft:mob_kills":231,"minecraft:interact_with_crafting_table":16,"minecraft:leave_game":4,"minecraft:time_since_death":103516,"minecraft:sleep_in_bed":8,"minecraft:climb_one_cm":1264,"minecraft:time_since_rest":14124,"minecraft:sprint_one_cm":616644,"minecraft:damage_taken":3293,"minecraft:walk_one_cm":204362,"minecraft:drop":19,"minecraft:damage_dealt":22856,"minecraft:swim_one_cm":79694,"minecraft:talked_to_villager":1,"minecraft:fly_one_cm":1161224,"minecraft:open_chest":21,"minecraft:play_time":194924,"minecraft:crouch_one_cm":7795,"minecraft:sneak_time":3335,"minecraft:deaths":3,"minecraft:walk_under_water_one_cm":3916,"minecraft:jump":5082,"minecraft:walk_on_water_one_cm":31064,"minecraft:fall_one_cm":152500,"minecraft:total_world_time":194924},"minecraft:broken":{"minecraft:stone_pickaxe":2,"minecraft:stone_sword":2,"minecraft:iron_sword":1,"minecraft:wooden_pickaxe":1},"minecraft:dropped":{"minecraft:wheat_seeds":2,"minecraft:crafting_table":1,"minecraft:obsidian":6,"minecraft:rotten_flesh":8,"minecraft:leather":2,"minecraft:apple":3,"minecraft:granite":2,"minecraft:gray_wool":2,"minecraft:brown_wool":1,"minecraft:spider_eye":1,"minecraft:white_wool":24,"minecraft:black_wool":1},"minecraft:killed_by":{"minecraft:skeleton":2},"minecraft:killed":{"minecraft:armadillo":1,"minecraft:cave_spider":2,"minecraft:pig":42,"minecraft:sheep":91,"minecraft:skeleton":3,"minecraft:zombie":6,"minecraft:chicken":2,"minecraft:enderman":1,"minecraft:cow":83},"minecraft:picked_up":{"minecraft:birch_log":11,"minecraft:pink_petals":4,"minecraft:iron_chestplate":3,"minecraft:crafting_table":10,"minecraft:feather":12,"minecraft:chicken":4,"minecraft:andesite":12,"minecraft:leather":19,"minecraft:brown_wool":1,"minecraft:birch_planks":43,"minecraft:yellow_bed":3,"minecraft:lapis_lazuli":36,"minecraft:string":80,"minecraft:dirt":61,"minecraft:name_tag":6,"minecraft:iron_leggings":3,"minecraft:cooked_mutton":4,"minecraft:bone":10,"minecraft:wheat_seeds":5,"minecraft:cobbled_deepslate":4,"minecraft:iron_ingot":32,"minecraft:beef":150,"minecraft:stone_pickaxe":2,"minecraft:cooked_chicken":2,"minecraft:light_gray_wool":3,"minecraft:sugar_cane":9,"minecraft:chest":4,"minecraft:furnace":3,"minecraft:iron_boots":2,"minecraft:egg":3,"minecraft:raw_iron":45,"minecraft:stick":11,"minecraft:cooked_porkchop":15,"minecraft:torch":40,"minecraft:axolotl_bucket":3,"minecraft:gravel":15,"minecraft:porkchop":79,"minecraft:diorite":13,"minecraft:white_bed":7,"minecraft:spider_eye":2,"minecraft:stone_sword":3,"minecraft:arrow":6,"minecraft:rotten_flesh":14,"minecraft:stone_axe":3,"minecraft:hay_block":115,"minecraft:iron_helmet":3,"minecraft:granite":30,"minecraft:gray_wool":2,"minecraft:gold_ingot":9,"minecraft:black_wool":1,"minecraft:obsidian":3,"minecraft:mutton":144,"minecraft:coal":165,"minecraft:white_wool":37,"minecraft:cobblestone":607,"minecraft:ender_pearl":1},"minecraft:mined":{"minecraft:white_bed":5,"minecraft:crafting_table":7,"minecraft:torch":5,"minecraft:granite":24,"minecraft:short_grass":85,"minecraft:grass_block":3,"minecraft:chest":1,"minecraft:tall_grass":15,"minecraft:cobblestone":7,"minecraft:lapis_ore":1,"minecraft:sugar_cane":6,"minecraft:diorite":13,"minecraft:wall_torch":3,"minecraft:spawner":1,"minecraft:pink_petals":4,"minecraft:hay_block":115,"minecraft:furnace":2,"minecraft:birch_log":11,"minecraft:iron_ore":29,"minecraft:birch_leaves":6,"minecraft:andesite":3,"minecraft:yellow_bed":3,"minecraft:coal_ore":53,"minecraft:deepslate_iron_ore":7,"minecraft:gravel":5,"minecraft:dirt":30,"minecraft:cobweb":18,"minecraft:stone":196,"minecraft:oak_leaves":4,"minecraft:deepslate":1,"minecraft:fern":1}},"DataVersion":3953}