{"stats":{"minecraft:mined":{"minecraft:short_grass":2,"minecraft:coal_ore":22,"minecraft:dirt":9,"minecraft:birch_log":5,"minecraft:stone":30,"minecraft:birch_leaves":1,"minecraft:crafting_table":1},"minecraft:broken":{"minecraft:wooden_pickaxe":1},"minecraft:custom":{"minecraft:open_chest":1,"minecraft:time_since_rest":7502,"minecraft:crouch_one_cm":177,"minecraft:play_time":7502,"minecraft:sprint_one_cm":5184,"minecraft:walk_one_cm":5328,"minecraft:sneak_time":124,"minecraft:walk_under_water_one_cm":147,"minecraft:jump":46,"minecraft:leave_game":1,"minecraft:time_since_death":7502,"minecraft:walk_on_water_one_cm":423,"minecraft:total_world_time":7502,"minecraft:interact_with_crafting_table":2,"minecraft:fall_one_cm":685,"minecraft:fly_one_cm":3666},"minecraft:used":{"minecraft:crafting_table":2,"minecraft:chest":1,"minecraft:wooden_pickaxe":60},"minecraft:picked_up":{"minecraft:birch_log":5,"minecraft:crafting_table":1,"minecraft:coal":22,"minecraft:dirt":9,"minecraft:cobblestone":30},"minecraft:crafted":{"minecraft:chest":1,"minecraft:birch_planks":20,"minecraft:crafting_table":1,"minecraft:stick":8,"minecraft:wooden_pickaxe":1}},"DataVersion":3953}