{"stats":{"minecraft:mined":{"minecraft:birch_log":11,"minecraft:birch_leaves":2,"minecraft:crafting_table":2,"minecraft:short_grass":2,"minecraft:coal_ore":39,"minecraft:grass_block":2,"minecraft:chest":1,"minecraft:dirt":10,"minecraft:stone":52,"minecraft:lapis_ore":1},"minecraft:broken":{"minecraft:wooden_pickaxe":1},"minecraft:custom":{"minecraft:time_since_rest":19216,"minecraft:sprint_one_cm":9834,"minecraft:walk_one_cm":12004,"minecraft:swim_one_cm":418,"minecraft:interact_with_crafting_table":3,"minecraft:fly_one_cm":7134,"minecraft:open_chest":2,"minecraft:crouch_one_cm":177,"minecraft:play_time":19216,"minecraft:sneak_time":124,"minecraft:walk_under_water_one_cm":220,"minecraft:jump":91,"minecraft:leave_game":1,"minecraft:walk_on_water_one_cm":720,"minecraft:time_since_death":19216,"minecraft:total_world_time":19216,"minecraft:fall_one_cm":894},"minecraft:used":{"minecraft:stone_pickaxe":40,"minecraft:chest":1,"minecraft:wooden_pickaxe":60,"minecraft:torch":3,"minecraft:crafting_table":3,"minecraft:egg":2},"minecraft:picked_up":{"minecraft:birch_log":11,"minecraft:crafting_table":2,"minecraft:lapis_lazuli":9,"minecraft:dirt":12,"minecraft:chest":1,"minecraft:coal":39,"minecraft:cobblestone":51,"minecraft:egg":2},"minecraft:crafted":{"minecraft:crafting_table":1,"minecraft:stick":8,"minecraft:wooden_pickaxe":1,"minecraft:stone_pickaxe":1,"minecraft:chest":1,"minecraft:torch":12,"minecraft:birch_planks":44}},"DataVersion":3953}