{"stats":{"minecraft:mined":{"minecraft:crafting_table":4,"minecraft:torch":1,"minecraft:granite":15,"minecraft:short_grass":2,"minecraft:grass_block":2,"minecraft:chest":1,"minecraft:cobblestone":4,"minecraft:lapis_ore":1,"minecraft:wall_torch":2,"minecraft:spawner":1,"minecraft:furnace":1,"minecraft:birch_log":11,"minecraft:iron_ore":22,"minecraft:birch_leaves":2,"minecraft:andesite":3,"minecraft:coal_ore":39,"minecraft:deepslate_iron_ore":6,"minecraft:dirt":11,"minecraft:cobweb":18,"minecraft:stone":155,"minecraft:deepslate":1},"minecraft:custom":{"minecraft:interact_with_furnace":13,"minecraft:mob_kills":3,"minecraft:interact_with_crafting_table":12,"minecraft:leave_game":1,"minecraft:time_since_death":55216,"minecraft:time_since_rest":55216,"minecraft:sprint_one_cm":51172,"minecraft:damage_taken":424,"minecraft:walk_one_cm":38994,"minecraft:damage_dealt":440,"minecraft:swim_one_cm":418,"minecraft:fly_one_cm":27308,"minecraft:open_chest":2,"minecraft:crouch_one_cm":1673,"minecraft:play_time":55216,"minecraft:sneak_time":886,"minecraft:walk_under_water_one_cm":220,"minecraft:jump":234,"minecraft:walk_on_water_one_cm":10996,"minecraft:total_world_time":55216,"minecraft:fall_one_cm":3651},"minecraft:broken":{"minecraft:stone_pickaxe":1,"minecraft:wooden_pickaxe":1},"minecraft:used":{"minecraft:water_bucket":3,"minecraft:stone_sword":29,"minecraft:stone_pickaxe":198,"minecraft:chest":1,"minecraft:wooden_pickaxe":60,"minecraft:iron_chestplate":1,"minecraft:torch":12,"minecraft:glow_berries":1,"minecraft:dirt":6,"minecraft:crafting_table":5,"minecraft:axolotl_bucket":1,"minecraft:bread":6,"minecraft:iron_helmet":1,"minecraft:iron_boots":1,"minecraft:stone_axe":2,"minecraft:cobblestone":12,"minecraft:furnace":1,"minecraft:bucket":5,"minecraft:egg":2},"minecraft:picked_up":{"minecraft:birch_log":11,"minecraft:crafting_table":4,"minecraft:andesite":3,"minecraft:dirt":13,"minecraft:lapis_lazuli":9,"minecraft:string":20,"minecraft:bone":2,"minecraft:cobbled_deepslate":1,"minecraft:chest":1,"minecraft:egg":2,"minecraft:furnace":1,"minecraft:raw_iron":28,"minecraft:torch":6,"minecraft:spider_eye":1,"minecraft:arrow":1,"minecraft:granite":15,"minecraft:coal":66,"minecraft:cobblestone":158},"minecraft:crafted":{"minecraft:crafting_table":2,"minecraft:wooden_pickaxe":1,"minecraft:iron_helmet":1,"minecraft:furnace":1,"minecraft:bucket":1,"minecraft:birch_planks":44,"minecraft:stone_axe":1,"minecraft:air":0,"minecraft:iron_boots":1,"minecraft:iron_chestplate":1,"minecraft:stick":12,"minecraft:iron_ingot":28,"minecraft:stone_pickaxe":2,"minecraft:stone_sword":1,"minecraft:chest":1,"minecraft:iron_leggings":1,"minecraft:torch":12},"minecraft:killed":{"minecraft:cave_spider":2,"minecraft:skeleton":1}},"DataVersion":3953}