{"stats":{"minecraft:crafted":{"minecraft:wooden_sword":8,"minecraft:crafting_table":1,"minecraft:stick":16,"minecraft:wooden_pickaxe":1,"minecraft:wooden_axe":1,"minecraft:birch_planks":48},"minecraft:used":{"minecraft:wooden_axe":21,"minecraft:birch_planks":2,"minecraft:chicken":7,"minecraft:wooden_sword":14,"minecraft:mutton":3,"minecraft:crafting_table":1},"minecraft:custom":{"minecraft:time_since_rest":13426,"minecraft:sprint_one_cm":66348,"minecraft:damage_taken":125,"minecraft:walk_one_cm":25895,"minecraft:mob_kills":13,"minecraft:damage_dealt":630,"minecraft:interact_with_crafting_table":4,"minecraft:swim_one_cm":15013,"minecraft:fly_one_cm":34458,"minecraft:crouch_one_cm":8,"minecraft:play_time":13426,"minecraft:sneak_time":6,"minecraft:walk_under_water_one_cm":1116,"minecraft:jump":223,"minecraft:leave_game":3,"minecraft:walk_on_water_one_cm":5570,"minecraft:time_since_death":13426,"minecraft:total_world_time":13426,"minecraft:fall_one_cm":5009},"minecraft:killed":{"minecraft:sheep":3,"minecraft:chicken":9,"minecraft:tropical_fish":1},"minecraft:picked_up":{"minecraft:birch_log":12,"minecraft:stick":1,"minecraft:crafting_table":1,"minecraft:feather":9,"minecraft:chicken":9,"minecraft:birch_planks":2,"minecraft:wheat_seeds":2,"minecraft:mutton":3,"minecraft:white_wool":3},"minecraft:mined":{"minecraft:birch_planks":2,"minecraft:birch_log":12,"minecraft:birch_leaves":2,"minecraft:crafting_table":1,"minecraft:short_grass":7,"minecraft:fern":2}},"DataVersion":3953}