{"stats":{"minecraft:crafted":{"minecraft:wooden_sword":8,"minecraft:birch_planks":28,"minecraft:crafting_table":1,"minecraft:stick":8},"minecraft:used":{"minecraft:wooden_sword":3,"minecraft:crafting_table":1,"minecraft:birch_planks":2},"minecraft:custom":{"minecraft:time_since_rest":4093,"minecraft:crouch_one_cm":8,"minecraft:sprint_one_cm":8406,"minecraft:play_time":4093,"minecraft:damage_taken":40,"minecraft:walk_one_cm":4859,"minecraft:sneak_time":6,"minecraft:walk_under_water_one_cm":292,"minecraft:mob_kills":1,"minecraft:jump":23,"minecraft:damage_dealt":40,"minecraft:leave_game":2,"minecraft:time_since_death":4093,"minecraft:walk_on_water_one_cm":1979,"minecraft:total_world_time":4093,"minecraft:swim_one_cm":4350,"minecraft:interact_with_crafting_table":2,"minecraft:fall_one_cm":868,"minecraft:fly_one_cm":3614},"minecraft:killed":{"minecraft:chicken":1},"minecraft:picked_up":{"minecraft:birch_log":8,"minecraft:chicken":1,"minecraft:birch_planks":1},"minecraft:mined":{"minecraft:short_grass":1,"minecraft:birch_planks":1,"minecraft:birch_log":8,"minecraft:birch_leaves":1}},"DataVersion":3953}