{"stats":{"minecraft:custom":{"minecraft:time_since_rest":2960,"minecraft:leave_game":1,"minecraft:walk_on_water_one_cm":3415,"minecraft:damage_dealt":39,"minecraft:deaths":1,"minecraft:sprint_one_cm":7474,"minecraft:play_time":4446,"minecraft:damage_taken":259,"minecraft:time_since_death":2920,"minecraft:walk_one_cm":7533,"minecraft:total_world_time":4446,"minecraft:walk_under_water_one_cm":1512,"minecraft:swim_one_cm":6880,"minecraft:fall_one_cm":604,"minecraft:fly_one_cm":423,"minecraft:jump":16},"minecraft:killed_by":{"minecraft:player":1},"minecraft:picked_up":{"minecraft:birch_log":1,"minecraft:cooked_porkchop":2,"minecraft:wheat_seeds":1},"minecraft:mined":{"minecraft:birch_log":1}},"DataVersion":3953}