{"stats":{"minecraft:crafted":{"minecraft:iron_chestplate":1,"minecraft:iron_boots":1,"minecraft:cooked_porkchop":10,"minecraft:shield":1,"minecraft:crafting_table":1,"minecraft:stick":32,"minecraft:wooden_pickaxe":1,"minecraft:iron_ingot":18,"minecraft:iron_pickaxe":4,"minecraft:stone_pickaxe":1,"minecraft:chest":1,"minecraft:iron_sword":1,"minecraft:furnace":1,"minecraft:torch":68,"minecraft:birch_planks":104,"minecraft:stone_axe":1,"minecraft:air":0},"minecraft:used":{"minecraft:stone_pickaxe":55,"minecraft:iron_pickaxe":539,"minecraft:wooden_pickaxe":35,"minecraft:chest":1,"minecraft:shield":16,"minecraft:stone_axe":34,"minecraft:torch":44,"minecraft:dirt":6,"minecraft:crafting_table":4,"minecraft:furnace":5,"minecraft:cooked_porkchop":4,"minecraft:cobbled_deepslate":39},"minecraft:custom":{"minecraft:time_since_rest":104350,"minecraft:sprint_one_cm":63092,"minecraft:interact_with_furnace":23,"minecraft:damage_taken":260,"minecraft:walk_one_cm":105815,"minecraft:damage_blocked_by_shield":720,"minecraft:mob_kills":5,"minecraft:drop":2,"minecraft:damage_dealt":600,"minecraft:swim_one_cm":5301,"minecraft:interact_with_crafting_table":25,"minecraft:fly_one_cm":28785,"minecraft:open_chest":13,"minecraft:crouch_one_cm":19775,"minecraft:play_time":104350,"minecraft:sneak_time":12945,"minecraft:walk_under_water_one_cm":4914,"minecraft:jump":481,"minecraft:leave_game":6,"minecraft:time_since_death":104350,"minecraft:walk_on_water_one_cm":17138,"minecraft:total_world_time":104350,"minecraft:fall_one_cm":5642},"minecraft:broken":{"minecraft:iron_pickaxe":2},"minecraft:dropped":{"minecraft:dirt":1,"minecraft:wooden_pickaxe":1},"minecraft:killed":{"minecraft:zombie":1,"minecraft:pig":4},"minecraft:picked_up":{"minecraft:birch_log":26,"minecraft:crafting_table":3,"minecraft:stick":1,"minecraft:raw_iron":32,"minecraft:andesite":25,"minecraft:torch":11,"minecraft:birch_planks":31,"minecraft:porkchop":13,"minecraft:tuff":4,"minecraft:lapis_lazuli":39,"minecraft:dirt":8,"minecraft:rotten_flesh":2,"minecraft:diamond":6,"minecraft:cobbled_deepslate":367,"minecraft:iron_ingot":14,"minecraft:granite":11,"minecraft:coal":31,"minecraft:cobblestone":93,"minecraft:furnace":4},"minecraft:mined":{"minecraft:tuff":7,"minecraft:furnace":4,"minecraft:deepslate_diamond_ore":6,"minecraft:iron_ore":32,"minecraft:birch_log":26,"minecraft:cobbled_deepslate":4,"minecraft:birch_leaves":4,"minecraft:andesite":25,"minecraft:torch":5,"minecraft:deepslate_lapis_ore":2,"minecraft:crafting_table":3,"minecraft:granite":11,"minecraft:grass_block":6,"minecraft:coal_ore":32,"minecraft:deepslate_iron_ore":1,"minecraft:dirt":2,"minecraft:lapis_ore":4,"minecraft:stone":93,"minecraft:wall_torch":6,"minecraft:deepslate":393}},"DataVersion":3953}