{"stats":{"minecraft:mined":{"minecraft:furnace":3,"minecraft:birch_log":26,"minecraft:iron_ore":22,"minecraft:birch_leaves":4,"minecraft:andesite":3,"minecraft:crafting_table":3,"minecraft:grass_block":5,"minecraft:coal_ore":22,"minecraft:dirt":2,"minecraft:stone":41},"minecraft:custom":{"minecraft:time_since_rest":17374,"minecraft:interact_with_furnace":11,"minecraft:sprint_one_cm":28463,"minecraft:damage_taken":260,"minecraft:walk_one_cm":38068,"minecraft:damage_blocked_by_shield":720,"minecraft:mob_kills":4,"minecraft:drop":2,"minecraft:damage_dealt":529,"minecraft:swim_one_cm":1491,"minecraft:interact_with_crafting_table":14,"minecraft:fly_one_cm":18130,"minecraft:crouch_one_cm":6232,"minecraft:play_time":17374,"minecraft:sneak_time":2901,"minecraft:walk_under_water_one_cm":1245,"minecraft:jump":167,"minecraft:leave_game":2,"minecraft:time_since_death":17374,"minecraft:walk_on_water_one_cm":7197,"minecraft:total_world_time":17374,"minecraft:fall_one_cm":3532},"minecraft:used":{"minecraft:stone_pickaxe":46,"minecraft:iron_pickaxe":18,"minecraft:wooden_pickaxe":35,"minecraft:shield":16,"minecraft:stone_axe":33,"minecraft:torch":6,"minecraft:dirt":6,"minecraft:crafting_table":3,"minecraft:furnace":3,"minecraft:cooked_porkchop":3},"minecraft:dropped":{"minecraft:dirt":1,"minecraft:wooden_pickaxe":1},"minecraft:picked_up":{"minecraft:birch_log":26,"minecraft:crafting_table":3,"minecraft:stick":1,"minecraft:raw_iron":21,"minecraft:andesite":3,"minecraft:birch_planks":31,"minecraft:porkchop":13,"minecraft:dirt":7,"minecraft:iron_ingot":14,"minecraft:coal":20,"minecraft:cobblestone":41,"minecraft:furnace":3},"minecraft:crafted":{"minecraft:iron_chestplate":1,"minecraft:cooked_porkchop":7,"minecraft:shield":1,"minecraft:crafting_table":1,"minecraft:stick":24,"minecraft:wooden_pickaxe":1,"minecraft:iron_ingot":7,"minecraft:iron_pickaxe":1,"minecraft:stone_pickaxe":1,"minecraft:furnace":1,"minecraft:torch":36,"minecraft:birch_planks":48,"minecraft:stone_axe":1,"minecraft:air":0},"minecraft:killed":{"minecraft:pig":4}},"DataVersion":3953}