{"stats":{"minecraft:crafted":{"minecraft:cooked_porkchop":10,"minecraft:crafting_table":1,"minecraft:iron_helmet":1,"minecraft:wooden_pickaxe":1,"minecraft:iron_sword":1,"minecraft:furnace":1,"minecraft:birch_planks":104,"minecraft:stone_axe":1,"minecraft:cooked_mutton":9,"minecraft:air":0,"minecraft:diamond_pickaxe":1,"minecraft:iron_boots":1,"minecraft:iron_chestplate":1,"minecraft:shield":1,"minecraft:stick":40,"minecraft:iron_ingot":27,"minecraft:iron_pickaxe":4,"minecraft:stone_pickaxe":1,"minecraft:chest":1,"minecraft:iron_leggings":1,"minecraft:white_bed":1,"minecraft:torch":68},"minecraft:used":{"minecraft:cooked_mutton":3,"minecraft:stone_pickaxe":55,"minecraft:wooden_pickaxe":35,"minecraft:chest":1,"minecraft:shield":17,"minecraft:iron_sword":30,"minecraft:torch":59,"minecraft:dirt":6,"minecraft:crafting_table":4,"minecraft:iron_pickaxe":569,"minecraft:stone_axe":34,"minecraft:furnace":5,"minecraft:cooked_porkchop":8,"minecraft:cobbled_deepslate":42},"minecraft:custom":{"minecraft:interact_with_furnace":28,"minecraft:mob_kills":18,"minecraft:interact_with_crafting_table":32,"minecraft:leave_game":8,"minecraft:time_since_death":124680,"minecraft:time_since_rest":124680,"minecraft:sprint_one_cm":135756,"minecraft:damage_taken":645,"minecraft:walk_one_cm":173670,"minecraft:damage_blocked_by_shield":750,"minecraft:drop":8,"minecraft:damage_dealt":2004,"minecraft:swim_one_cm":11526,"minecraft:fly_one_cm":52009,"minecraft:player_kills":1,"minecraft:open_chest":22,"minecraft:crouch_one_cm":22375,"minecraft:play_time":124680,"minecraft:sneak_time":14105,"minecraft:walk_under_water_one_cm":7198,"minecraft:jump":854,"minecraft:walk_on_water_one_cm":27691,"minecraft:total_world_time":124680,"minecraft:fall_one_cm":11903},"minecraft:broken":{"minecraft:iron_pickaxe":2},"minecraft:dropped":{"minecraft:wheat_seeds":1,"minecraft:cooked_porkchop":2,"minecraft:dirt":2,"minecraft:wooden_pickaxe":1,"minecraft:birch_log":2},"minecraft:killed":{"minecraft:cave_spider":2,"minecraft:pig":4,"minecraft:sheep":8,"minecraft:zombie":1,"minecraft:cow":3},"minecraft:picked_up":{"minecraft:birch_log":28,"minecraft:crafting_table":3,"minecraft:andesite":25,"minecraft:leather":3,"minecraft:birch_planks":31,"minecraft:tuff":4,"minecraft:lapis_lazuli":47,"minecraft:string":4,"minecraft:dirt":9,"minecraft:wheat_seeds":1,"minecraft:cobbled_deepslate":376,"minecraft:beef":4,"minecraft:iron_ingot":14,"minecraft:furnace":4,"minecraft:stick":1,"minecraft:raw_iron":44,"minecraft:torch":11,"minecraft:porkchop":13,"minecraft:rotten_flesh":2,"minecraft:diamond":6,"minecraft:granite":11,"minecraft:gray_wool":1,"minecraft:mutton":15,"minecraft:coal":31,"minecraft:white_wool":7,"minecraft:cobblestone":99},"minecraft:mined":{"minecraft:tuff":7,"minecraft:deepslate_diamond_ore":6,"minecraft:crafting_table":3,"minecraft:torch":5,"minecraft:granite":11,"minecraft:short_grass":1,"minecraft:grass_block":6,"minecraft:lapis_ore":4,"minecraft:wall_torch":6,"minecraft:spawner":2,"minecraft:furnace":4,"minecraft:birch_log":26,"minecraft:iron_ore":44,"minecraft:cobbled_deepslate":4,"minecraft:andesite":25,"minecraft:birch_leaves":5,"minecraft:deepslate_lapis_ore":3,"minecraft:coal_ore":32,"minecraft:deepslate_iron_ore":1,"minecraft:dirt":2,"minecraft:cobweb":3,"minecraft:stone":99,"minecraft:deepslate":402}},"DataVersion":3953}