{"stats":{"minecraft:mined":{"minecraft:grass_block":5,"minecraft:dirt":2,"minecraft:birch_log":6,"minecraft:birch_leaves":2,"minecraft:stone":27,"minecraft:andesite":3,"minecraft:crafting_table":2},"minecraft:custom":{"minecraft:time_since_rest":5820,"minecraft:crouch_one_cm":2996,"minecraft:play_time":5820,"minecraft:sprint_one_cm":8907,"minecraft:walk_one_cm":10621,"minecraft:sneak_time":1539,"minecraft:walk_under_water_one_cm":314,"minecraft:mob_kills":4,"minecraft:drop":1,"minecraft:jump":41,"minecraft:damage_dealt":400,"minecraft:walk_on_water_one_cm":342,"minecraft:time_since_death":5820,"minecraft:total_world_time":5820,"minecraft:swim_one_cm":792,"minecraft:interact_with_crafting_table":8,"minecraft:fall_one_cm":627,"minecraft:fly_one_cm":3109},"minecraft:used":{"minecraft:stone_axe":11,"minecraft:dirt":6,"minecraft:crafting_table":2,"minecraft:wooden_pickaxe":35},"minecraft:dropped":{"minecraft:dirt":1},"minecraft:picked_up":{"minecraft:birch_log":6,"minecraft:crafting_table":2,"minecraft:andesite":3,"minecraft:porkchop":10,"minecraft:dirt":7,"minecraft:cobblestone":27},"minecraft:crafted":{"minecraft:furnace":1,"minecraft:birch_planks":24,"minecraft:stone_axe":1,"minecraft:crafting_table":1,"minecraft:stick":8,"minecraft:stone_pickaxe":1,"minecraft:wooden_pickaxe":1},"minecraft:killed":{"minecraft:pig":4}},"DataVersion":3953}