{"stats":{"minecraft:mined":{"minecraft:furnace":3,"minecraft:iron_ore":32,"minecraft:birch_log":26,"minecraft:andesite":25,"minecraft:birch_leaves":4,"minecraft:deepslate_lapis_ore":2,"minecraft:crafting_table":3,"minecraft:torch":1,"minecraft:granite":11,"minecraft:grass_block":5,"minecraft:coal_ore":32,"minecraft:deepslate_iron_ore":1,"minecraft:dirt":2,"minecraft:lapis_ore":4,"minecraft:stone":91,"minecraft:deepslate":121},"minecraft:custom":{"minecraft:time_since_rest":28882,"minecraft:sprint_one_cm":38970,"minecraft:interact_with_furnace":11,"minecraft:damage_taken":260,"minecraft:walk_one_cm":49362,"minecraft:damage_blocked_by_shield":720,"minecraft:mob_kills":5,"minecraft:drop":2,"minecraft:damage_dealt":600,"minecraft:swim_one_cm":1491,"minecraft:interact_with_crafting_table":14,"minecraft:fly_one_cm":21797,"minecraft:crouch_one_cm":13320,"minecraft:play_time":28882,"minecraft:sneak_time":7223,"minecraft:walk_under_water_one_cm":1245,"minecraft:jump":223,"minecraft:leave_game":3,"minecraft:time_since_death":28882,"minecraft:walk_on_water_one_cm":8106,"minecraft:total_world_time":28882,"minecraft:fall_one_cm":4806},"minecraft:used":{"minecraft:stone_pickaxe":55,"minecraft:iron_pickaxe":240,"minecraft:wooden_pickaxe":35,"minecraft:shield":16,"minecraft:stone_axe":34,"minecraft:torch":21,"minecraft:dirt":6,"minecraft:crafting_table":3,"minecraft:furnace":3,"minecraft:cooked_porkchop":4},"minecraft:dropped":{"minecraft:dirt":1,"minecraft:wooden_pickaxe":1},"minecraft:picked_up":{"minecraft:birch_log":26,"minecraft:crafting_table":3,"minecraft:stick":1,"minecraft:raw_iron":32,"minecraft:andesite":25,"minecraft:torch":1,"minecraft:birch_planks":31,"minecraft:porkchop":13,"minecraft:lapis_lazuli":39,"minecraft:dirt":7,"minecraft:rotten_flesh":2,"minecraft:cobbled_deepslate":114,"minecraft:iron_ingot":14,"minecraft:granite":11,"minecraft:coal":31,"minecraft:cobblestone":91,"minecraft:furnace":3},"minecraft:crafted":{"minecraft:iron_chestplate":1,"minecraft:cooked_porkchop":7,"minecraft:shield":1,"minecraft:crafting_table":1,"minecraft:stick":24,"minecraft:stone_pickaxe":1,"minecraft:wooden_pickaxe":1,"minecraft:iron_ingot":7,"minecraft:iron_pickaxe":1,"minecraft:furnace":1,"minecraft:torch":36,"minecraft:birch_planks":48,"minecraft:stone_axe":1,"minecraft:air":0},"minecraft:killed":{"minecraft:zombie":1,"minecraft:pig":4}},"DataVersion":3953}