{"stats":{"minecraft:mined":{"minecraft:white_bed":2,"minecraft:furnace":1,"minecraft:birch_log":7,"minecraft:birch_leaves":1,"minecraft:crafting_table":4,"minecraft:coal_ore":1,"minecraft:grass_block":2,"minecraft:oak_log":8,"minecraft:sand":67,"minecraft:dirt":5,"minecraft:azalea_leaves":4,"minecraft:stone":31,"minecraft:sugar_cane":9,"minecraft:sandstone":14},"minecraft:custom":{"minecraft:time_since_rest":8286,"minecraft:interact_with_furnace":8,"minecraft:sprint_one_cm":86254,"minecraft:damage_taken":40,"minecraft:walk_one_cm":40747,"minecraft:mob_kills":15,"minecraft:damage_dealt":1270,"minecraft:swim_one_cm":26784,"minecraft:interact_with_crafting_table":5,"minecraft:fly_one_cm":101778,"minecraft:open_chest":5,"minecraft:crouch_one_cm":2520,"minecraft:play_time":34183,"minecraft:sneak_time":1266,"minecraft:walk_under_water_one_cm":1601,"minecraft:jump":490,"minecraft:walk_on_water_one_cm":8802,"minecraft:leave_game":2,"minecraft:time_since_death":34183,"minecraft:sleep_in_bed":2,"minecraft:total_world_time":34183,"minecraft:fall_one_cm":12749},"minecraft:used":{"minecraft:stone_sword":31,"minecraft:stone_shovel":36,"minecraft:stone_pickaxe":17,"minecraft:wooden_pickaxe":36,"minecraft:stone_axe":16,"minecraft:dirt":7,"minecraft:cobblestone":1,"minecraft:crafting_table":4,"minecraft:furnace":1,"minecraft:white_bed":2,"minecraft:cooked_beef":3},"minecraft:picked_up":{"minecraft:birch_log":9,"minecraft:stick":2,"minecraft:crafting_table":4,"minecraft:sandstone":11,"minecraft:leather":3,"minecraft:sand":67,"minecraft:oak_log":8,"minecraft:white_bed":2,"minecraft:dirt":7,"minecraft:beef":4,"minecraft:sugar_cane":22,"minecraft:black_wool":1,"minecraft:mutton":15,"minecraft:coal":1,"minecraft:white_wool":10,"minecraft:cobblestone":31,"minecraft:furnace":1},"minecraft:crafted":{"minecraft:cooked_beef":4,"minecraft:oak_planks":4,"minecraft:stone_shovel":1,"minecraft:crafting_table":1,"minecraft:stick":12,"minecraft:wooden_pickaxe":1,"minecraft:stone_pickaxe":1,"minecraft:stone_sword":1,"minecraft:furnace":1,"minecraft:white_bed":1,"minecraft:birch_planks":28,"minecraft:stone_axe":1,"minecraft:cooked_mutton":12,"minecraft:air":0},"minecraft:killed":{"minecraft:sheep":11,"minecraft:cow":4}},"DataVersion":3953}