{"stats":{"minecraft:mined":{"minecraft:white_bed":1,"minecraft:furnace":1,"minecraft:birch_log":7,"minecraft:birch_leaves":1,"minecraft:crafting_table":3,"minecraft:coal_ore":1,"minecraft:grass_block":2,"minecraft:oak_log":8,"minecraft:dirt":5,"minecraft:azalea_leaves":4,"minecraft:stone":31},"minecraft:custom":{"minecraft:time_since_rest":9546,"minecraft:interact_with_furnace":8,"minecraft:sprint_one_cm":55708,"minecraft:damage_taken":30,"minecraft:walk_one_cm":28672,"minecraft:mob_kills":12,"minecraft:damage_dealt":1030,"minecraft:interact_with_crafting_table":4,"minecraft:fly_one_cm":47901,"minecraft:open_chest":2,"minecraft:crouch_one_cm":372,"minecraft:play_time":22183,"minecraft:sneak_time":78,"minecraft:jump":254,"minecraft:walk_on_water_one_cm":125,"minecraft:leave_game":2,"minecraft:time_since_death":22183,"minecraft:sleep_in_bed":1,"minecraft:total_world_time":22183,"minecraft:fall_one_cm":8600},"minecraft:used":{"minecraft:stone_sword":24,"minecraft:stone_pickaxe":2,"minecraft:wooden_pickaxe":36,"minecraft:stone_axe":15,"minecraft:dirt":7,"minecraft:cobblestone":1,"minecraft:crafting_table":3,"minecraft:furnace":1,"minecraft:white_bed":1,"minecraft:cooked_beef":1},"minecraft:picked_up":{"minecraft:birch_log":9,"minecraft:stick":2,"minecraft:crafting_table":3,"minecraft:leather":3,"minecraft:oak_log":8,"minecraft:white_bed":1,"minecraft:dirt":7,"minecraft:beef":4,"minecraft:black_wool":1,"minecraft:mutton":12,"minecraft:coal":1,"minecraft:white_wool":7,"minecraft:cobblestone":31,"minecraft:furnace":1},"minecraft:crafted":{"minecraft:cooked_beef":4,"minecraft:oak_planks":4,"minecraft:crafting_table":1,"minecraft:stick":12,"minecraft:wooden_pickaxe":1,"minecraft:stone_pickaxe":1,"minecraft:stone_sword":1,"minecraft:furnace":1,"minecraft:white_bed":1,"minecraft:birch_planks":28,"minecraft:stone_axe":1,"minecraft:cooked_mutton":12,"minecraft:air":0},"minecraft:killed":{"minecraft:sheep":8,"minecraft:cow":4}},"DataVersion":3953}