{"stats":{"minecraft:mined":{"minecraft:grass_block":1,"minecraft:oak_log":8,"minecraft:dirt":4,"minecraft:birch_log":7,"minecraft:azalea_leaves":4,"minecraft:stone":31,"minecraft:birch_leaves":1,"minecraft:crafting_table":1},"minecraft:custom":{"minecraft:time_since_rest":10183,"minecraft:crouch_one_cm":16,"minecraft:sprint_one_cm":12731,"minecraft:play_time":10183,"minecraft:walk_one_cm":14457,"minecraft:sneak_time":9,"minecraft:mob_kills":4,"minecraft:jump":90,"minecraft:damage_dealt":400,"minecraft:leave_game":2,"minecraft:time_since_death":10183,"minecraft:total_world_time":10183,"minecraft:interact_with_crafting_table":2,"minecraft:fall_one_cm":3404,"minecraft:fly_one_cm":12807},"minecraft:used":{"minecraft:stone_axe":13,"minecraft:stone_sword":8,"minecraft:dirt":5,"minecraft:cobblestone":1,"minecraft:crafting_table":1,"minecraft:wooden_pickaxe":36},"minecraft:picked_up":{"minecraft:birch_log":7,"minecraft:stick":2,"minecraft:crafting_table":1,"minecraft:leather":3,"minecraft:beef":4,"minecraft:oak_log":8,"minecraft:dirt":5,"minecraft:cobblestone":31},"minecraft:crafted":{"minecraft:stone_sword":1,"minecraft:birch_planks":28,"minecraft:stone_axe":1,"minecraft:crafting_table":1,"minecraft:stick":12,"minecraft:stone_pickaxe":1,"minecraft:wooden_pickaxe":1},"minecraft:killed":{"minecraft:cow":4}},"DataVersion":3953}