{"stats":{"minecraft:used":{"minecraft:cooked_mutton":3,"minecraft:stone_sword":164,"minecraft:stone_shovel":42,"minecraft:stone_pickaxe":74,"minecraft:oak_planks":2,"minecraft:wooden_pickaxe":61,"minecraft:shield":1,"minecraft:sandstone":13,"minecraft:torch":35,"minecraft:dirt":9,"minecraft:crafting_table":14,"minecraft:white_bed":4,"minecraft:tuff":1,"minecraft:iron_pickaxe":139,"minecraft:stone_axe":41,"minecraft:cobblestone":42,"minecraft:furnace":2,"minecraft:andesite":5,"minecraft:oak_boat":2,"minecraft:cooked_beef":12},"minecraft:picked_up":{"minecraft:birch_log":38,"minecraft:crafting_table":8,"minecraft:feather":2,"minecraft:chicken":1,"minecraft:andesite":7,"minecraft:leather":12,"minecraft:tuff":3,"minecraft:oak_log":8,"minecraft:lapis_lazuli":14,"minecraft:dirt":9,"minecraft:string":35,"minecraft:raw_copper":25,"minecraft:cobbled_deepslate":10,"minecraft:beef":20,"minecraft:oak_boat":1,"minecraft:sugar_cane":22,"minecraft:oak_planks":2,"minecraft:egg":1,"minecraft:furnace":2,"minecraft:stick":2,"minecraft:raw_iron":35,"minecraft:sandstone":13,"minecraft:torch":4,"minecraft:raw_iron_block":1,"minecraft:porkchop":9,"minecraft:sand":76,"minecraft:white_bed":4,"minecraft:trident":1,"minecraft:redstone":4,"minecraft:arrow":1,"minecraft:rotten_flesh":7,"minecraft:black_wool":1,"minecraft:mutton":17,"minecraft:coal":36,"minecraft:white_wool":11,"minecraft:cobblestone":117},"minecraft:killed":{"minecraft:cave_spider":4,"minecraft:pig":6,"minecraft:skeleton":2,"minecraft:sheep":12,"minecraft:zombie":7,"minecraft:chicken":1,"minecraft:drowned":1,"minecraft:cow":12},"minecraft:dropped":{"minecraft:cobbled_deepslate":4,"minecraft:tuff":2,"minecraft:rotten_flesh":7,"minecraft:oak_planks":1,"minecraft:filled_map":1,"minecraft:andesite":2,"minecraft:sand":12,"minecraft:arrow":1,"minecraft:wooden_pickaxe":1,"minecraft:black_wool":1},"minecraft:custom":{"minecraft:interact_with_furnace":15,"minecraft:mob_kills":45,"minecraft:interact_with_crafting_table":13,"minecraft:leave_game":3,"minecraft:time_since_death":8610,"minecraft:sleep_in_bed":3,"minecraft:time_since_rest":8682,"minecraft:sprint_one_cm":173425,"minecraft:damage_taken":1431,"minecraft:walk_one_cm":126841,"minecraft:damage_blocked_by_shield":60,"minecraft:drop":10,"minecraft:damage_dealt":5254,"minecraft:swim_one_cm":41137,"minecraft:fly_one_cm":197862,"minecraft:open_chest":9,"minecraft:crouch_one_cm":18969,"minecraft:play_time":93486,"minecraft:sneak_time":7594,"minecraft:deaths":1,"minecraft:walk_under_water_one_cm":9574,"minecraft:boat_one_cm":484429,"minecraft:jump":1029,"minecraft:walk_on_water_one_cm":15297,"minecraft:total_world_time":93486,"minecraft:fall_one_cm":26030},"minecraft:crafted":{"minecraft:cooked_beef":20,"minecraft:oak_planks":16,"minecraft:stone_shovel":2,"minecraft:crafting_table":8,"minecraft:wooden_pickaxe":2,"minecraft:furnace":1,"minecraft:birch_planks":84,"minecraft:stone_axe":3,"minecraft:cooked_mutton":15,"minecraft:air":0,"minecraft:oak_boat":2,"minecraft:iron_chestplate":1,"minecraft:shield":1,"minecraft:stick":36,"minecraft:iron_ingot":3,"minecraft:iron_pickaxe":1,"minecraft:stone_pickaxe":2,"minecraft:stone_sword":4,"minecraft:white_bed":1,"minecraft:torch":40},"minecraft:killed_by":{"minecraft:creeper":1},"minecraft:mined":{"minecraft:deepslate_redstone_ore":1,"minecraft:tuff":3,"minecraft:white_bed":4,"minecraft:crafting_table":8,"minecraft:torch":2,"minecraft:short_grass":5,"minecraft:grass_block":3,"minecraft:copper_ore":8,"minecraft:sugar_cane":9,"minecraft:oak_planks":2,"minecraft:sandstone":16,"minecraft:wall_torch":2,"minecraft:spawner":2,"minecraft:raw_iron_block":1,"minecraft:furnace":2,"minecraft:birch_log":36,"minecraft:iron_ore":3,"minecraft:andesite":9,"minecraft:birch_leaves":2,"minecraft:deepslate_lapis_ore":2,"minecraft:oak_log":8,"minecraft:coal_ore":36,"minecraft:deepslate_iron_ore":32,"minecraft:rail":1,"minecraft:sand":73,"minecraft:dirt":6,"minecraft:cobweb":35,"minecraft:azalea_leaves":4,"minecraft:stone":117,"minecraft:deepslate":32}},"DataVersion":3953}