{"stats":{"minecraft:mined":{"minecraft:deepslate_redstone_ore":1,"minecraft:tuff":3,"minecraft:white_bed":4,"minecraft:crafting_table":8,"minecraft:torch":1,"minecraft:short_grass":4,"minecraft:grass_block":3,"minecraft:copper_ore":8,"minecraft:oak_planks":2,"minecraft:sugar_cane":9,"minecraft:sandstone":16,"minecraft:wall_torch":2,"minecraft:spawner":2,"minecraft:raw_iron_block":1,"minecraft:furnace":2,"minecraft:birch_log":7,"minecraft:iron_ore":3,"minecraft:birch_leaves":1,"minecraft:andesite":9,"minecraft:deepslate_lapis_ore":2,"minecraft:oak_log":8,"minecraft:coal_ore":36,"minecraft:deepslate_iron_ore":32,"minecraft:rail":1,"minecraft:dirt":6,"minecraft:sand":73,"minecraft:cobweb":35,"minecraft:azalea_leaves":4,"minecraft:stone":92,"minecraft:deepslate":18},"minecraft:custom":{"minecraft:interact_with_furnace":15,"minecraft:mob_kills":32,"minecraft:interact_with_crafting_table":11,"minecraft:leave_game":2,"minecraft:time_since_death":82183,"minecraft:sleep_in_bed":3,"minecraft:time_since_rest":40072,"minecraft:sprint_one_cm":140913,"minecraft:damage_taken":838,"minecraft:walk_one_cm":97218,"minecraft:damage_blocked_by_shield":60,"minecraft:drop":10,"minecraft:damage_dealt":3706,"minecraft:swim_one_cm":41137,"minecraft:fly_one_cm":179467,"minecraft:open_chest":9,"minecraft:crouch_one_cm":17435,"minecraft:play_time":82183,"minecraft:sneak_time":6890,"minecraft:walk_under_water_one_cm":9574,"minecraft:boat_one_cm":484429,"minecraft:jump":939,"minecraft:walk_on_water_one_cm":15297,"minecraft:total_world_time":82183,"minecraft:fall_one_cm":25134},"minecraft:used":{"minecraft:cooked_mutton":3,"minecraft:stone_sword":127,"minecraft:stone_shovel":42,"minecraft:stone_pickaxe":74,"minecraft:oak_planks":2,"minecraft:shield":1,"minecraft:wooden_pickaxe":36,"minecraft:sandstone":13,"minecraft:torch":24,"minecraft:dirt":9,"minecraft:crafting_table":8,"minecraft:white_bed":4,"minecraft:tuff":1,"minecraft:iron_pickaxe":125,"minecraft:stone_axe":23,"minecraft:cobblestone":35,"minecraft:furnace":2,"minecraft:andesite":5,"minecraft:oak_boat":2,"minecraft:cooked_beef":9},"minecraft:dropped":{"minecraft:cobbled_deepslate":4,"minecraft:tuff":2,"minecraft:rotten_flesh":7,"minecraft:oak_planks":1,"minecraft:filled_map":1,"minecraft:andesite":2,"minecraft:sand":12,"minecraft:arrow":1,"minecraft:wooden_pickaxe":1,"minecraft:black_wool":1},"minecraft:picked_up":{"minecraft:birch_log":9,"minecraft:crafting_table":8,"minecraft:andesite":7,"minecraft:leather":12,"minecraft:tuff":3,"minecraft:oak_log":8,"minecraft:lapis_lazuli":14,"minecraft:string":34,"minecraft:dirt":9,"minecraft:raw_copper":25,"minecraft:cobbled_deepslate":4,"minecraft:beef":20,"minecraft:oak_boat":1,"minecraft:sugar_cane":22,"minecraft:oak_planks":2,"minecraft:furnace":2,"minecraft:stick":2,"minecraft:raw_iron":35,"minecraft:sandstone":13,"minecraft:torch":3,"minecraft:raw_iron_block":1,"minecraft:sand":76,"minecraft:white_bed":4,"minecraft:trident":1,"minecraft:redstone":4,"minecraft:arrow":1,"minecraft:rotten_flesh":7,"minecraft:black_wool":1,"minecraft:mutton":15,"minecraft:coal":36,"minecraft:white_wool":10,"minecraft:cobblestone":92},"minecraft:crafted":{"minecraft:cooked_beef":20,"minecraft:oak_planks":16,"minecraft:stone_shovel":1,"minecraft:crafting_table":1,"minecraft:wooden_pickaxe":1,"minecraft:furnace":1,"minecraft:birch_planks":36,"minecraft:stone_axe":1,"minecraft:cooked_mutton":15,"minecraft:air":0,"minecraft:oak_boat":2,"minecraft:iron_chestplate":1,"minecraft:shield":1,"minecraft:stick":16,"minecraft:iron_ingot":3,"minecraft:iron_pickaxe":1,"minecraft:stone_pickaxe":1,"minecraft:stone_sword":3,"minecraft:white_bed":1,"minecraft:torch":24},"minecraft:killed":{"minecraft:cave_spider":2,"minecraft:skeleton":2,"minecraft:sheep":11,"minecraft:zombie":4,"minecraft:drowned":1,"minecraft:cow":12}},"DataVersion":3953}