{"stats":{"minecraft:mined":{"minecraft:white_bed":4,"minecraft:furnace":1,"minecraft:iron_ore":3,"minecraft:birch_log":7,"minecraft:andesite":5,"minecraft:birch_leaves":1,"minecraft:crafting_table":5,"minecraft:coal_ore":1,"minecraft:grass_block":3,"minecraft:oak_log":8,"minecraft:sand":67,"minecraft:dirt":6,"minecraft:copper_ore":8,"minecraft:azalea_leaves":4,"minecraft:stone":50,"minecraft:sugar_cane":9,"minecraft:sandstone":16},"minecraft:custom":{"minecraft:time_since_rest":4072,"minecraft:interact_with_furnace":8,"minecraft:sprint_one_cm":99775,"minecraft:damage_taken":195,"minecraft:walk_one_cm":52839,"minecraft:mob_kills":21,"minecraft:damage_dealt":2108,"minecraft:swim_one_cm":26784,"minecraft:interact_with_crafting_table":6,"minecraft:fly_one_cm":122580,"minecraft:open_chest":5,"minecraft:crouch_one_cm":4736,"minecraft:play_time":46183,"minecraft:sneak_time":2396,"minecraft:walk_under_water_one_cm":1601,"minecraft:boat_one_cm":114948,"minecraft:jump":658,"minecraft:walk_on_water_one_cm":8802,"minecraft:leave_game":2,"minecraft:time_since_death":46183,"minecraft:sleep_in_bed":3,"minecraft:total_world_time":46183,"minecraft:fall_one_cm":16401},"minecraft:used":{"minecraft:stone_sword":51,"minecraft:stone_shovel":36,"minecraft:stone_pickaxe":54,"minecraft:wooden_pickaxe":36,"minecraft:sandstone":13,"minecraft:torch":5,"minecraft:stone_axe":17,"minecraft:dirt":9,"minecraft:cobblestone":1,"minecraft:crafting_table":5,"minecraft:furnace":1,"minecraft:oak_boat":1,"minecraft:andesite":5,"minecraft:white_bed":4,"minecraft:cooked_beef":4},"minecraft:picked_up":{"minecraft:birch_log":9,"minecraft:raw_iron":3,"minecraft:stick":2,"minecraft:crafting_table":5,"minecraft:sandstone":13,"minecraft:andesite":5,"minecraft:leather":7,"minecraft:sand":67,"minecraft:oak_log":8,"minecraft:white_bed":4,"minecraft:dirt":9,"minecraft:raw_copper":25,"minecraft:rotten_flesh":5,"minecraft:beef":9,"minecraft:sugar_cane":22,"minecraft:black_wool":1,"minecraft:mutton":15,"minecraft:coal":1,"minecraft:white_wool":10,"minecraft:cobblestone":50,"minecraft:furnace":1},"minecraft:crafted":{"minecraft:cooked_beef":4,"minecraft:oak_boat":1,"minecraft:oak_planks":12,"minecraft:stone_shovel":1,"minecraft:crafting_table":1,"minecraft:stick":12,"minecraft:wooden_pickaxe":1,"minecraft:stone_pickaxe":1,"minecraft:stone_sword":1,"minecraft:furnace":1,"minecraft:white_bed":1,"minecraft:torch":8,"minecraft:birch_planks":28,"minecraft:stone_axe":1,"minecraft:cooked_mutton":12,"minecraft:air":0},"minecraft:killed":{"minecraft:sheep":11,"minecraft:zombie":3,"minecraft:cow":7}},"DataVersion":3953}