{"stats":{"minecraft:mined":{"minecraft:white_bed":4,"minecraft:crafting_table":6,"minecraft:short_grass":4,"minecraft:grass_block":3,"minecraft:copper_ore":8,"minecraft:sugar_cane":9,"minecraft:sandstone":16,"minecraft:wall_torch":1,"minecraft:furnace":1,"minecraft:birch_log":7,"minecraft:iron_ore":3,"minecraft:birch_leaves":1,"minecraft:andesite":9,"minecraft:oak_log":8,"minecraft:coal_ore":1,"minecraft:dirt":6,"minecraft:sand":73,"minecraft:azalea_leaves":4,"minecraft:stone":70},"minecraft:custom":{"minecraft:interact_with_furnace":15,"minecraft:mob_kills":28,"minecraft:interact_with_crafting_table":9,"minecraft:leave_game":2,"minecraft:time_since_death":70183,"minecraft:sleep_in_bed":3,"minecraft:time_since_rest":28072,"minecraft:sprint_one_cm":120711,"minecraft:damage_taken":455,"minecraft:walk_one_cm":67159,"minecraft:drop":7,"minecraft:damage_dealt":2906,"minecraft:swim_one_cm":38503,"minecraft:fly_one_cm":169162,"minecraft:open_chest":9,"minecraft:crouch_one_cm":5530,"minecraft:play_time":70183,"minecraft:sneak_time":2829,"minecraft:walk_under_water_one_cm":4059,"minecraft:boat_one_cm":484429,"minecraft:jump":856,"minecraft:walk_on_water_one_cm":12484,"minecraft:total_world_time":70183,"minecraft:fall_one_cm":23071},"minecraft:used":{"minecraft:cooked_mutton":3,"minecraft:stone_sword":75,"minecraft:stone_shovel":42,"minecraft:stone_pickaxe":74,"minecraft:oak_planks":2,"minecraft:wooden_pickaxe":36,"minecraft:sandstone":13,"minecraft:torch":7,"minecraft:dirt":9,"minecraft:crafting_table":7,"minecraft:white_bed":4,"minecraft:iron_pickaxe":5,"minecraft:stone_axe":18,"minecraft:cobblestone":1,"minecraft:furnace":2,"minecraft:andesite":5,"minecraft:oak_boat":2,"minecraft:cooked_beef":4},"minecraft:dropped":{"minecraft:rotten_flesh":7,"minecraft:oak_planks":1,"minecraft:filled_map":1,"minecraft:andesite":2,"minecraft:sand":12,"minecraft:wooden_pickaxe":1,"minecraft:black_wool":1},"minecraft:picked_up":{"minecraft:birch_log":9,"minecraft:crafting_table":6,"minecraft:andesite":7,"minecraft:leather":12,"minecraft:oak_log":8,"minecraft:dirt":9,"minecraft:raw_copper":25,"minecraft:beef":20,"minecraft:oak_boat":1,"minecraft:sugar_cane":22,"minecraft:furnace":1,"minecraft:stick":2,"minecraft:raw_iron":3,"minecraft:sandstone":13,"minecraft:torch":1,"minecraft:sand":76,"minecraft:white_bed":4,"minecraft:trident":1,"minecraft:rotten_flesh":7,"minecraft:black_wool":1,"minecraft:mutton":15,"minecraft:coal":1,"minecraft:white_wool":10,"minecraft:cobblestone":70},"minecraft:crafted":{"minecraft:cooked_beef":20,"minecraft:oak_planks":16,"minecraft:stone_shovel":1,"minecraft:crafting_table":1,"minecraft:wooden_pickaxe":1,"minecraft:furnace":1,"minecraft:birch_planks":28,"minecraft:stone_axe":1,"minecraft:cooked_mutton":12,"minecraft:air":0,"minecraft:oak_boat":2,"minecraft:shield":1,"minecraft:stick":12,"minecraft:iron_ingot":3,"minecraft:iron_pickaxe":1,"minecraft:stone_pickaxe":1,"minecraft:stone_sword":1,"minecraft:white_bed":1,"minecraft:torch":8},"minecraft:killed":{"minecraft:sheep":11,"minecraft:zombie":4,"minecraft:drowned":1,"minecraft:cow":12}},"DataVersion":3953}