{"stats":{"minecraft:crafted":{"minecraft:cooked_beef":20,"minecraft:oak_planks":16,"minecraft:stone_shovel":2,"minecraft:cooked_porkchop":14,"minecraft:crafting_table":8,"minecraft:birch_boat":1,"minecraft:wooden_pickaxe":2,"minecraft:furnace":2,"minecraft:birch_planks":92,"minecraft:stone_axe":3,"minecraft:cooked_mutton":17,"minecraft:air":0,"minecraft:oak_boat":2,"minecraft:iron_chestplate":1,"minecraft:shield":2,"minecraft:stick":36,"minecraft:iron_ingot":7,"minecraft:iron_pickaxe":2,"minecraft:stone_pickaxe":2,"minecraft:stone_sword":4,"minecraft:white_bed":2,"minecraft:torch":44},"minecraft:used":{"minecraft:cooked_mutton":5,"minecraft:stone_sword":169,"minecraft:stone_pickaxe":158,"minecraft:stone_shovel":47,"minecraft:oak_planks":2,"minecraft:wooden_pickaxe":75,"minecraft:birch_boat":2,"minecraft:shield":1,"minecraft:sandstone":13,"minecraft:torch":37,"minecraft:dirt":16,"minecraft:crafting_table":19,"minecraft:white_bed":5,"minecraft:tuff":1,"minecraft:chicken":1,"minecraft:iron_pickaxe":139,"minecraft:stone_axe":50,"minecraft:cobblestone":55,"minecraft:furnace":4,"minecraft:cooked_porkchop":5,"minecraft:andesite":5,"minecraft:oak_boat":2,"minecraft:cooked_beef":12},"minecraft:custom":{"minecraft:interact_with_furnace":27,"minecraft:mob_kills":50,"minecraft:interact_with_crafting_table":20,"minecraft:leave_game":6,"minecraft:time_since_death":24479,"minecraft:sleep_in_bed":4,"minecraft:time_since_rest":1070,"minecraft:damage_taken":2071,"minecraft:sprint_one_cm":297984,"minecraft:damage_blocked_by_shield":60,"minecraft:walk_one_cm":178815,"minecraft:drop":11,"minecraft:damage_dealt":5695,"minecraft:swim_one_cm":44457,"minecraft:fly_one_cm":356575,"minecraft:open_chest":9,"minecraft:play_time":130218,"minecraft:crouch_one_cm":22833,"minecraft:sneak_time":9098,"minecraft:deaths":2,"minecraft:walk_under_water_one_cm":12409,"minecraft:boat_one_cm":493437,"minecraft:jump":1818,"minecraft:walk_on_water_one_cm":18933,"minecraft:total_world_time":130218,"minecraft:fall_one_cm":50085},"minecraft:dropped":{"minecraft:cobbled_deepslate":4,"minecraft:tuff":2,"minecraft:rotten_flesh":7,"minecraft:oak_planks":1,"minecraft:filled_map":1,"minecraft:andesite":2,"minecraft:sand":12,"minecraft:arrow":1,"minecraft:wooden_pickaxe":1,"minecraft:black_wool":1,"minecraft:egg":1},"minecraft:killed_by":{"minecraft:skeleton":1,"minecraft:creeper":1},"minecraft:killed":{"minecraft:cave_spider":4,"minecraft:pig":7,"minecraft:skeleton":2,"minecraft:sheep":14,"minecraft:zombie":7,"minecraft:chicken":1,"minecraft:drowned":1,"minecraft:cow":13},"minecraft:picked_up":{"minecraft:birch_log":55,"minecraft:crafting_table":14,"minecraft:feather":4,"minecraft:chicken":1,"minecraft:andesite":8,"minecraft:leather":12,"minecraft:wooden_pickaxe":1,"minecraft:birch_planks":9,"minecraft:tuff":3,"minecraft:oak_log":8,"minecraft:lapis_lazuli":14,"minecraft:dirt":19,"minecraft:string":35,"minecraft:raw_copper":25,"minecraft:cobbled_deepslate":11,"minecraft:beef":22,"minecraft:stone_pickaxe":1,"minecraft:oak_boat":1,"minecraft:sugar_cane":22,"minecraft:oak_planks":2,"minecraft:furnace":5,"minecraft:egg":1,"minecraft:stick":6,"minecraft:raw_iron":55,"minecraft:sandstone":13,"minecraft:cooked_porkchop":13,"minecraft:birch_boat":2,"minecraft:torch":7,"minecraft:raw_iron_block":1,"minecraft:porkchop":14,"minecraft:sand":76,"minecraft:diorite":14,"minecraft:white_bed":5,"minecraft:trident":1,"minecraft:redstone":4,"minecraft:stone_sword":1,"minecraft:stone_shovel":1,"minecraft:arrow":1,"minecraft:rotten_flesh":7,"minecraft:stone_axe":2,"minecraft:black_wool":1,"minecraft:mutton":20,"minecraft:coal":82,"minecraft:white_wool":14,"minecraft:cobblestone":168},"minecraft:mined":{"minecraft:deepslate_redstone_ore":1,"minecraft:tuff":3,"minecraft:white_bed":5,"minecraft:crafting_table":13,"minecraft:torch":2,"minecraft:short_grass":5,"minecraft:grass_block":6,"minecraft:copper_ore":8,"minecraft:cobblestone":8,"minecraft:oak_planks":2,"minecraft:sugar_cane":9,"minecraft:diorite":14,"minecraft:sandstone":16,"minecraft:wall_torch":2,"minecraft:spawner":2,"minecraft:raw_iron_block":1,"minecraft:furnace":4,"minecraft:birch_log":36,"minecraft:iron_ore":19,"minecraft:birch_leaves":2,"minecraft:andesite":10,"minecraft:deepslate_lapis_ore":2,"minecraft:deepslate_iron_ore":32,"minecraft:oak_log":8,"minecraft:coal_ore":67,"minecraft:rail":1,"minecraft:sand":73,"minecraft:dirt":10,"minecraft:cobweb":35,"minecraft:azalea_leaves":4,"minecraft:stone":142,"minecraft:deepslate":33}},"DataVersion":3953}