{"stats":{"minecraft:mined":{"minecraft:white_bed":4,"minecraft:crafting_table":6,"minecraft:short_grass":2,"minecraft:grass_block":3,"minecraft:copper_ore":8,"minecraft:sugar_cane":9,"minecraft:sandstone":16,"minecraft:furnace":1,"minecraft:birch_log":7,"minecraft:iron_ore":3,"minecraft:birch_leaves":1,"minecraft:andesite":5,"minecraft:oak_log":8,"minecraft:coal_ore":1,"minecraft:dirt":6,"minecraft:sand":73,"minecraft:azalea_leaves":4,"minecraft:stone":50},"minecraft:custom":{"minecraft:interact_with_furnace":8,"minecraft:mob_kills":25,"minecraft:interact_with_crafting_table":7,"minecraft:leave_game":2,"minecraft:time_since_death":58183,"minecraft:sleep_in_bed":3,"minecraft:time_since_rest":16072,"minecraft:sprint_one_cm":113331,"minecraft:damage_taken":455,"minecraft:walk_one_cm":62056,"minecraft:drop":3,"minecraft:damage_dealt":2507,"minecraft:swim_one_cm":38503,"minecraft:fly_one_cm":146443,"minecraft:open_chest":9,"minecraft:crouch_one_cm":4736,"minecraft:play_time":58183,"minecraft:sneak_time":2542,"minecraft:walk_under_water_one_cm":4059,"minecraft:boat_one_cm":296875,"minecraft:jump":778,"minecraft:walk_on_water_one_cm":12388,"minecraft:total_world_time":58183,"minecraft:fall_one_cm":19108},"minecraft:used":{"minecraft:cooked_mutton":3,"minecraft:stone_sword":62,"minecraft:stone_shovel":42,"minecraft:stone_pickaxe":54,"minecraft:wooden_pickaxe":36,"minecraft:sandstone":13,"minecraft:torch":5,"minecraft:dirt":9,"minecraft:crafting_table":6,"minecraft:white_bed":4,"minecraft:stone_axe":18,"minecraft:cobblestone":1,"minecraft:furnace":1,"minecraft:andesite":5,"minecraft:oak_boat":2,"minecraft:cooked_beef":4},"minecraft:dropped":{"minecraft:filled_map":1,"minecraft:wooden_pickaxe":1,"minecraft:black_wool":1},"minecraft:picked_up":{"minecraft:birch_log":9,"minecraft:crafting_table":6,"minecraft:andesite":5,"minecraft:leather":11,"minecraft:oak_log":8,"minecraft:dirt":9,"minecraft:raw_copper":25,"minecraft:beef":16,"minecraft:sugar_cane":22,"minecraft:furnace":1,"minecraft:stick":2,"minecraft:raw_iron":3,"minecraft:sandstone":13,"minecraft:sand":76,"minecraft:white_bed":4,"minecraft:trident":1,"minecraft:rotten_flesh":7,"minecraft:black_wool":1,"minecraft:mutton":15,"minecraft:coal":1,"minecraft:white_wool":10,"minecraft:cobblestone":50},"minecraft:crafted":{"minecraft:cooked_beef":4,"minecraft:oak_planks":16,"minecraft:stone_shovel":1,"minecraft:crafting_table":1,"minecraft:wooden_pickaxe":1,"minecraft:furnace":1,"minecraft:birch_planks":28,"minecraft:stone_axe":1,"minecraft:cooked_mutton":12,"minecraft:air":0,"minecraft:oak_boat":2,"minecraft:stick":12,"minecraft:stone_pickaxe":1,"minecraft:stone_sword":1,"minecraft:white_bed":1,"minecraft:torch":8},"minecraft:killed":{"minecraft:sheep":11,"minecraft:zombie":3,"minecraft:drowned":1,"minecraft:cow":10}},"DataVersion":3953}